2023”N7ŒŽ7“ú,Time,ƒ¢Time,Xpos,Zpos,Velocity,RotateY,InputValue,AcceInput,SteeringInput,BrakeInput,Distance,CarPos.x,CarPos.z,CarDistance,Bike.x,Bike.z,BikeDistance
14:11:25,0.3733,0.3333,-2.0000,0.0905,1.7088,0.0289,,0.0000,0.0000,0.0000,,3.2337,39.2908,39.4236,-1.4901,46.3454,46.3694
14:11:25,0.5646,0.1913,-1.9999,0.2177,2.7228,0.0351,,0.0000,0.0000,0.0000,,3.2334,35.8302,35.9758,-1.4904,46.2182,46.2422
14:11:25,0.6278,0.0632,-1.9999,0.2696,3.3057,0.0375,,1.0000,0.0000,0.0000,,3.2333,34.7784,34.9284,-1.4905,46.1663,46.1904
14:11:25,0.6806,0.0528,-1.9998,0.3311,3.8878,0.0386,,1.0000,0.0000,0.0000,,3.2332,33.7169,33.8715,-1.4906,46.1048,46.1289
14:11:25,0.7353,0.0547,-1.9998,0.3776,4.2751,0.0387,,1.0000,0.0000,0.0000,,3.2332,33.0038,33.1618,-1.4906,46.0584,46.0825
14:11:25,0.7857,0.0504,-1.9998,0.4553,4.8554,0.0387,,1.0000,0.0000,0.0000,,3.2331,31.9261,32.0894,-1.4906,45.9807,46.0048
14:11:25,0.8361,0.0504,-1.9997,0.5124,5.2417,0.0387,,1.0000,0.0000,0.0000,,3.2331,31.2023,31.3693,-1.4907,45.9235,45.9477
14:11:25,0.8843,0.0482,-1.9997,0.6062,5.8205,0.0387,,1.0000,0.0000,0.0000,,3.2330,30.1085,30.2816,-1.4907,45.8297,45.8540
14:11:26,0.9372,0.0528,-1.9996,0.6741,6.2058,0.0387,,1.0000,0.0000,0.0000,,3.0761,29.3944,29.5549,-1.4907,45.7618,45.7861
14:11:26,0.9909,0.0537,-1.9995,0.7839,6.7828,0.0387,,1.0000,0.0000,0.0000,,3.0760,28.2846,28.4514,-1.4908,45.6520,45.6763
14:11:26,1.0497,0.0588,-1.9995,0.9034,7.3588,0.0387,,1.0000,0.0000,0.0000,,3.0759,27.1651,27.3387,-1.4908,45.5326,45.5570
14:11:26,1.1038,0.0541,-1.9994,1.0324,7.9337,0.0387,,1.0000,0.0000,0.0000,,3.0758,26.0361,26.2172,-1.4909,45.4035,45.4280
14:11:26,1.1552,0.0514,-1.9993,1.1238,8.3164,0.0387,,1.0000,0.0000,0.0000,,3.0758,25.2781,25.4645,-1.4909,45.3122,45.3367
14:11:26,1.2072,0.0520,-1.9992,1.2687,8.8895,0.0387,,1.0000,0.0000,0.0000,,3.0757,24.1331,24.3283,-1.4910,45.1672,45.1918
14:11:26,1.2564,0.0493,-1.9991,1.3707,9.2710,0.0387,,1.0000,0.0000,0.0000,,3.0756,23.3645,23.5661,-1.4910,45.0857,45.1104
14:11:26,1.3071,0.0506,-1.9990,1.5316,9.8423,0.0387,,1.0000,0.0000,0.0000,,3.0755,22.2036,22.4156,-1.4911,44.9659,44.9906
14:11:26,1.3570,0.0499,-1.9990,1.6441,10.2225,0.0387,,1.0000,0.0000,0.0000,,3.0754,21.4245,21.6441,-1.4912,44.9140,44.9387
14:11:26,1.4129,0.0559,-1.9988,1.8208,10.7920,0.0387,,1.0000,0.0000,0.0000,,3.0753,20.2477,20.4800,-1.4913,44.8276,44.8524
14:11:26,1.4669,0.0540,-1.9987,2.0070,11.3604,0.0387,,1.0000,0.0000,0.0000,,3.0752,19.0616,19.3080,-1.4914,44.7528,44.7776
14:11:26,1.5203,0.0533,-1.9986,2.2026,11.9276,0.0387,,1.0000,0.0000,0.0000,,3.0750,17.8659,18.1286,-1.4915,44.6901,44.7150
14:11:26,1.5722,0.0519,-1.9985,2.3383,12.3052,0.0387,,1.0000,0.0000,0.0000,,3.0749,17.0636,17.3384,-1.4916,44.7062,44.7310
14:11:26,1.6222,0.0500,-1.9983,2.5497,12.8707,0.0387,,1.0000,0.0000,0.0000,,3.0748,15.8522,16.1477,-1.4917,44.6617,44.6866
14:11:26,1.6718,0.0495,-1.9983,2.6958,13.2470,0.0387,,1.0000,0.0000,0.0000,,3.0747,15.0394,15.3505,-1.4918,44.7007,44.7256
14:11:26,1.7191,0.0474,-1.9981,2.8461,13.6229,0.0387,,1.0000,0.0000,0.0000,,3.0746,14.2224,14.5509,-1.4919,44.7463,44.7712
14:11:26,1.7657,0.0465,-1.9980,3.0794,14.1857,0.0387,,1.0000,0.0000,0.0000,,3.0744,12.9891,13.3480,-1.4921,44.7230,44.7479
14:11:26,1.8169,0.0512,-1.9979,3.2402,14.5604,0.0387,,1.0000,0.0000,0.0000,,3.0743,12.1617,12.5443,-1.4922,44.8121,44.8369
14:11:26,1.8668,0.0499,-1.9977,3.4891,15.1214,0.0387,,1.0000,0.0000,0.0000,,3.0742,10.9128,11.3375,-1.4924,44.8265,44.8513
14:11:26,1.9182,0.0514,-1.9976,3.6602,15.4949,0.0387,,1.0000,0.0000,0.0000,,3.0740,10.0750,10.5335,-1.4925,44.9485,44.9733
14:11:27,1.9687,0.0505,-1.9974,3.9247,16.0541,0.0387,,1.0000,0.0000,0.0000,,3.0739,8.8105,9.3313,-1.4927,44.9928,45.0176
14:11:27,2.0196,0.0508,-1.9973,4.1062,16.4264,0.0387,,1.0000,0.0000,0.0000,,3.0737,7.9624,8.5351,-1.4929,45.1424,45.1671
14:11:27,2.0710,0.0514,-1.9971,4.3861,16.9838,0.0387,,1.0000,0.0000,0.0000,,2.9859,6.7220,7.3554,-1.4931,45.2168,45.2414
14:11:27,2.1235,0.0525,-1.9969,4.6754,17.5401,0.0387,,1.0000,0.0000,0.0000,,2.9685,5.4406,6.1977,-1.4933,45.3131,45.3377
14:11:27,2.1774,0.0540,-1.9968,4.8733,17.9103,0.0387,,1.0000,0.0000,0.0000,,2.8791,4.6255,5.4483,-1.4935,45.5328,45.5573
14:11:27,2.2298,0.0524,-1.9966,5.1779,18.3627,0.0387,,1.0000,0.0000,0.0000,,2.6213,3.4988,4.3718,-1.4937,45.6566,45.6810
14:11:27,2.2821,0.0523,-1.9964,5.4923,19.1399,0.0387,,1.0000,0.0000,0.0000,,2.4479,2.3028,3.3608,-1.4940,45.7777,45.8021
14:11:27,2.3373,0.0552,-1.9962,5.7072,19.6897,0.0387,,1.0000,0.0000,0.0000,,2.3654,1.4957,2.7986,-1.4942,46.0230,46.0473
14:11:27,2.3887,0.0514,-1.9960,6.0357,19.7421,0.0387,,1.0000,0.0000,0.0000,,2.2261,0.4484,2.2708,-1.4944,46.1223,46.1465
14:11:27,2.4402,0.0515,-1.9958,6.3753,20.7931,0.0387,,1.0000,0.0000,0.0000,,2.0967,0.1467,2.1019,-1.4947,46.2131,46.2373
14:11:27,2.4921,0.0518,-1.9956,6.6063,21.1807,0.0387,,1.0000,0.0000,0.0000,,2.0404,-0.0535,2.0411,-1.4949,46.4136,46.4377
14:11:27,2.5447,0.0526,-1.9954,6.9584,21.0472,0.0386,,1.0000,0.0000,0.0000,,1.9351,-0.0588,1.9360,-1.4951,46.4994,46.5234
14:11:27,2.5983,0.0536,-1.9952,7.1992,21.4627,0.0384,,1.0000,0.0000,0.0000,,3.9936,94.9442,95.0282,-1.4953,46.7063,46.7302
14:11:27,2.6513,0.0530,-1.9950,7.5702,22.6102,0.0385,,1.0000,0.0000,0.0000,,3.9933,93.5732,93.6584,-1.4956,46.7770,46.8009
14:11:27,2.7026,0.0513,-1.9947,7.9469,22.6075,0.0388,,1.0000,0.0000,0.0000,,3.9931,92.1965,92.2830,-1.4959,46.8279,46.8518
14:11:27,2.7536,0.0509,-1.9945,8.2041,22.9503,0.0387,,1.0000,0.0000,0.0000,,3.9929,91.2727,91.3600,-1.4961,46.9948,47.0186
14:11:27,2.8045,0.0510,-1.9943,8.5990,24.0643,0.0387,,1.0000,0.0000,0.0000,,3.9926,89.8777,89.9664,-1.4963,47.0246,47.0484
14:11:27,2.8561,0.0515,-1.9941,8.8662,24.4221,0.0387,,1.0000,0.0000,0.0000,,3.9924,88.9439,89.0334,-1.4965,47.1874,47.2111
14:11:27,2.9068,0.0507,-1.9938,9.2728,24.3840,0.0387,,1.0000,0.0000,0.0000,,3.9922,87.5373,87.6282,-1.4968,47.2026,47.2264
14:11:28,2.9593,0.0526,-1.9936,9.5499,24.7393,0.0387,,1.0000,0.0000,0.0000,,3.9920,86.5935,86.6855,-1.4970,47.3646,47.3882
14:11:28,3.0099,0.0506,-1.9933,9.9744,25.8404,0.0387,,1.0000,0.0000,0.0000,,3.9917,85.1690,85.2624,-1.4973,47.3611,47.3847
14:11:28,3.0616,0.0516,-1.9930,10.4047,25.8077,0.0387,,1.0000,0.0000,0.0000,,3.9914,83.7387,83.8337,-1.4976,47.3609,47.3845
14:11:28,3.1137,0.0521,-1.9928,10.6976,26.1660,0.0387,,1.0000,0.0000,0.0000,,3.9912,82.7791,82.8753,-1.4978,47.5019,47.5255
14:11:28,3.1669,0.0532,-1.9925,11.1457,27.2492,0.0387,,1.0000,0.0000,0.0000,,3.9909,81.3310,81.4288,-1.4981,47.4980,47.5216
14:11:28,3.2237,0.0569,-1.9922,11.5998,27.2466,0.0387,,1.0000,0.0000,0.0000,,3.9906,79.8769,79.9765,-1.4985,47.5180,47.5417
14:11:28,3.2748,0.0510,-1.9920,11.9085,27.6071,0.0387,,1.0000,0.0000,0.0000,,3.9904,78.9015,79.0024,-1.4987,47.6344,47.6580
14:11:28,3.3266,0.0519,-1.9917,12.3803,28.6556,0.0387,,1.0000,0.0000,0.0000,,3.9901,77.4297,77.5325,-1.4990,47.5941,47.6177
14:11:28,3.3786,0.0520,-1.9915,12.6988,29.0064,0.0387,,1.0000,0.0000,0.0000,,3.9898,76.4445,76.5486,-1.4992,47.7090,47.7325
14:11:28,3.4299,0.0513,-1.9912,13.1827,29.0466,0.0387,,1.0000,0.0000,0.0000,,3.9895,74.9607,75.0668,-1.4995,47.6531,47.6766
14:11:28,3.4823,0.0524,-1.9908,13.6780,30.0562,0.0387,,1.0000,0.0000,0.0000,,3.9892,73.4653,73.5735,-1.4999,47.5939,47.6175
14:11:28,3.5338,0.0515,-1.9906,14.0123,30.4053,0.0387,,1.0000,0.0000,0.0000,,3.9890,72.4644,72.5741,-1.5001,47.6886,47.7122
14:11:28,3.5855,0.0517,-1.9903,14.5198,30.4805,0.0387,,1.0000,0.0000,0.0000,,3.9886,70.9568,71.0688,-1.5004,47.6118,47.6354
14:11:28,3.6407,0.0553,-1.9899,15.0387,31.4495,0.0387,,1.0000,0.0000,0.0000,,3.9883,69.4380,69.5524,-1.5008,47.5534,47.5770
14:11:28,3.6998,0.0590,-1.9897,15.3886,31.7965,0.0387,,1.0000,0.0000,0.0000,,3.9880,68.4213,68.5375,-1.5010,47.6951,47.7187
14:11:28,3.7545,0.0548,-1.9893,15.9198,31.9102,0.0387,,1.0000,0.0000,0.0000,,3.9877,66.8902,67.0090,-1.5014,47.6203,47.6440
14:11:28,3.8103,0.0558,-1.9889,16.4619,32.8337,0.0387,,1.0000,0.0000,0.0000,,3.8617,65.3540,65.4680,-1.5017,47.5437,47.5674
14:11:28,3.8624,0.0521,-1.9886,17.0107,32.9814,0.0387,,1.0000,0.0000,0.0000,,3.8613,63.8052,63.9219,-1.5021,47.4293,47.4531
14:11:28,3.9148,0.0523,-1.9883,17.3822,33.3386,0.0387,,1.0000,0.0000,0.0000,,3.8610,62.7671,62.8857,-1.5023,47.4932,47.5169
14:11:29,3.9623,0.0475,-1.9879,17.9476,34.2056,0.0387,,1.0000,0.0000,0.0000,,3.8607,61.2017,61.3233,-1.5027,47.3241,47.3480
14:11:29,4.0105,0.0482,-1.9877,18.3287,34.5461,0.0387,,1.0000,0.0000,0.0000,,3.8604,60.1539,60.2776,-1.5029,47.3455,47.3693
14:11:29,4.0601,0.0496,-1.9873,18.9068,34.7709,0.0387,,1.0000,0.0000,0.0000,,3.8600,58.5757,58.7028,-1.5032,46.7674,46.7916
14:11:29,4.1126,0.0524,-1.9870,19.2977,35.1307,0.0387,,1.0000,0.0000,0.0000,,3.8597,57.5182,57.6476,-1.5034,46.3757,46.4001
14:11:29,4.1644,0.0518,-1.9866,19.8918,35.8932,0.0387,,1.0000,0.0000,0.0000,,3.4498,55.9509,56.0571,-1.5036,45.8040,45.8286
14:11:29,4.2184,0.0540,-1.9864,20.2923,36.2251,0.0387,,1.0000,0.0000,0.0000,,3.4495,54.8838,54.9921,-1.5038,45.4488,45.4736
14:11:29,4.2703,0.0519,-1.9859,20.8998,36.5831,0.0387,,1.0000,0.0000,0.0000,,3.4491,53.2762,53.3878,-1.5041,44.9063,44.9314
14:11:29,4.3230,0.0527,-1.9855,21.5167,37.2092,0.0387,,1.0000,0.0000,0.0000,,3.4487,51.6593,51.7743,-1.5044,44.3783,44.4038
14:11:29,4.3766,0.0536,-1.9853,21.9325,37.5381,0.0387,,1.0000,0.0000,0.0000,,3.4484,50.5768,50.6943,-1.5046,44.0756,44.1013
14:11:29,4.4303,0.0537,-1.9848,22.5634,38.0226,0.0387,,1.0000,0.0000,0.0000,,3.4480,48.9459,49.0672,-1.5049,43.5797,43.6057
14:11:29,4.4832,0.0529,-1.9844,23.2030,38.5482,0.0387,,1.0000,0.0000,0.0000,,3.4475,47.3063,47.4318,-1.5052,43.0977,43.1239
14:11:29,4.5357,0.0525,-1.9841,23.6341,38.8890,0.0387,,1.0000,0.0000,0.0000,,3.4472,46.2085,46.3369,-1.5054,42.8435,42.8700
14:11:29,4.5889,0.0532,-1.9837,24.2880,39.4001,0.0387,,1.0000,0.0000,0.0000,,3.4468,44.5547,44.6878,-1.5057,42.3930,42.4197
14:11:29,4.6425,0.0536,-1.9832,24.9503,39.9121,0.0387,,1.0000,0.0000,0.0000,,3.4463,42.8923,43.0306,-1.5060,41.9565,41.9835
14:11:29,4.6954,0.0529,-1.9829,25.3966,40.2526,0.0387,,1.0000,0.0000,0.0000,,3.4460,41.7793,41.9212,-1.5063,41.7574,41.7846
14:11:29,4.7480,0.0526,-1.9825,26.0732,40.7625,0.0387,,1.0000,0.0000,0.0000,,3.4456,40.1028,40.2505,-1.5066,41.3481,41.3756
14:11:29,4.8010,0.0530,-1.9820,26.7582,41.2714,0.0387,,1.0000,0.0000,0.0000,,3.4451,38.4178,38.5719,-1.5070,40.9539,40.9816
14:11:29,4.8541,0.0531,-1.9817,27.2196,41.6102,0.0387,,1.0000,0.0000,0.0000,,3.4448,37.2897,37.4485,-1.5072,40.8077,40.8355
14:11:29,4.9060,0.0518,-1.9812,27.9187,42.1174,0.0387,,1.0000,0.0000,0.0000,,3.4443,35.5906,35.7568,-1.5076,40.4387,40.4668
14:11:30,4.9598,0.0538,-1.9809,28.3895,42.4551,0.0387,,1.0000,0.0000,0.0000,,3.4440,34.4531,34.6248,-1.5079,40.3319,40.3601
14:11:30,5.0123,0.0525,-1.9804,29.1027,42.9607,0.0387,,1.0000,0.0000,0.0000,,3.4435,32.7399,32.9205,-1.5082,39.9969,40.0253
14:11:30,5.0649,0.0525,-1.9799,29.8243,43.4653,0.0387,,1.0000,0.0000,0.0000,,3.4430,31.0183,31.2088,-1.5086,39.6753,39.7040
14:11:30,5.1189,0.0540,-1.9796,30.3101,43.8011,0.0387,,1.0000,0.0000,0.0000,,3.2596,29.8911,30.0683,-1.5089,39.6233,39.6520
14:11:30,5.1715,0.0527,-1.9791,31.0457,44.3041,0.0387,,1.0000,0.0000,0.0000,,3.2591,28.1555,28.3435,-1.5093,39.3267,39.3557
14:11:30,5.2252,0.0537,-1.9786,31.7897,44.8061,0.0387,,1.0000,0.0000,0.0000,,3.2586,26.4115,26.6118,-1.5097,39.0301,39.0593
14:11:30,5.2781,0.0529,-1.9782,32.2903,45.1402,0.0387,,1.0000,0.0000,0.0000,,3.2582,25.2442,25.4536,-1.5100,38.9707,38.9999
14:11:30,5.3315,0.0533,-1.9777,33.0482,45.6405,0.0387,,1.0000,0.0000,0.0000,,3.2577,23.4864,23.7112,-1.5105,38.6573,38.6868
14:11:30,5.3885,0.0570,-1.9772,33.8144,46.1399,0.0387,,1.0000,0.0000,0.0000,,3.2572,21.7201,21.9630,-1.5109,38.3663,38.3961
14:11:30,5.4448,0.0563,-1.9767,34.5890,46.6383,0.0387,,1.0000,0.0000,0.0000,,3.2567,19.9456,20.2097,-1.5113,38.0610,38.0910
14:11:30,5.5005,0.0558,-1.9762,35.3718,47.1357,0.0387,,1.0000,0.0000,0.0000,,3.2562,18.1628,18.4523,-1.5117,37.7418,37.7721
14:11:30,5.5548,0.0543,-1.9758,35.8983,47.4668,0.0387,,1.0000,0.0000,0.0000,,3.2558,16.9696,17.2791,-1.5120,37.6686,37.6989
14:11:30,5.6113,0.0565,-1.9753,36.6949,47.9626,0.0387,,1.0000,0.0000,0.0000,,3.2553,15.1730,15.5183,-1.5125,37.3429,37.3736
14:11:30,5.6665,0.0552,-1.9747,37.4998,48.4574,0.0387,,1.0000,0.0000,0.0000,,3.2547,13.3681,13.7587,-1.5129,36.9964,37.0273
14:11:30,5.7212,0.0548,-1.9742,38.3129,48.9512,0.0387,,1.0000,0.0000,0.0000,,3.2208,11.5610,12.0013,-1.5133,36.6406,36.6719
14:11:30,5.7759,0.0547,-1.9738,38.8595,49.2799,0.0387,,1.0000,0.0000,0.0000,,3.0720,10.3889,10.8336,-1.5136,36.5493,36.5806
14:11:30,5.8289,0.0530,-1.9733,39.6827,49.3548,0.0387,,0.0000,0.0000,0.0000,,3.0715,8.5657,9.0997,-1.5182,36.1678,36.1996
14:11:30,5.8887,0.0598,-1.9727,40.5042,49.2613,0.0387,,0.0000,0.0000,0.0000,,2.9943,6.7788,7.4107,-1.5130,35.8265,35.8584
14:11:31,5.9495,0.0609,-1.9721,41.3243,49.1699,0.0387,,0.0000,0.0000,0.0000,,2.9229,4.9952,5.7875,-1.4950,35.4986,35.5301
14:11:31,6.0062,0.0567,-1.9716,42.1427,49.0787,0.0387,,0.0000,0.0000,0.0000,,2.5485,3.4034,4.2518,-1.4669,35.1397,35.1703
14:11:31,6.0617,0.0555,-1.9710,42.9597,48.9876,0.0387,,0.0000,0.0000,0.0000,,2.4289,1.6853,2.9563,-1.4426,34.7781,34.8080
14:11:31,6.1168,0.0551,-1.9707,43.5035,48.9269,0.0387,,0.0000,0.0000,0.0000,,2.3600,0.5493,2.4230,-1.4185,34.6878,34.7168
14:11:31,6.1729,0.0561,-1.9701,44.3215,49.2559,0.0387,,1.0000,0.0000,0.0000,,2.0365,0.1534,2.0423,-1.3942,34.3311,34.3594
14:11:31,6.2240,0.0511,-1.9696,45.1480,49.7489,0.0387,,1.0000,0.0000,0.0000,,1.9022,-0.0577,1.9031,-1.3722,33.9246,33.9524
14:11:31,6.2759,0.0519,-1.9692,45.7035,50.0766,0.0387,,1.0000,0.0000,0.0000,,3.5977,94.7756,94.8439,-1.3500,33.7950,33.8220
14:11:31,6.3296,0.0537,-1.9686,46.5435,50.5673,0.0387,,1.0000,0.0000,0.0000,,3.5971,92.9356,93.0052,-1.3267,33.3966,33.4229
14:11:31,6.3837,0.0541,-1.9680,47.3918,51.0570,0.0387,,1.0000,0.0000,0.0000,,3.5965,91.0874,91.1583,-1.3014,32.9933,33.0190
14:11:31,6.4386,0.0549,-1.9677,47.9618,51.3830,0.0387,,1.0000,0.0000,0.0000,,3.5961,89.8507,89.9226,-1.2747,32.8744,32.8991
14:11:31,6.4922,0.0536,-1.9671,48.8236,51.8711,0.0387,,1.0000,0.0000,0.0000,,3.5955,87.9889,88.0623,-1.2484,32.4523,32.4763
14:11:31,6.5468,0.0546,-1.9665,49.6935,52.3583,0.0387,,1.0000,0.0000,0.0000,,3.5950,86.1190,86.1940,-1.2214,32.0317,32.0550
14:11:31,6.6016,0.0548,-1.9659,50.5716,52.8446,0.0387,,1.0000,0.0000,0.0000,,3.5944,84.2410,84.3176,-1.1944,31.6040,31.6266
14:11:31,6.6560,0.0543,-1.9655,51.1614,53.1682,0.0387,,1.0000,0.0000,0.0000,,3.5940,82.9844,83.0622,-1.1676,31.4609,31.4825
14:11:31,6.7119,0.0559,-1.9649,52.0529,53.6528,0.0387,,1.0000,0.0000,0.0000,,3.5934,81.0929,81.1725,-1.1402,31.0289,31.0498
14:11:31,6.7678,0.0560,-1.9643,52.9525,54.1365,0.0387,,1.0000,0.0000,0.0000,,3.5928,79.1934,79.2748,-1.1130,30.5884,30.6086
14:11:31,6.8246,0.0568,-1.9637,53.8567,54.2150,0.0387,,0.0000,0.0000,0.0000,,3.5921,77.2892,77.3726,-1.0854,30.1517,30.1713
14:11:31,6.8800,0.0554,-1.9631,54.7592,54.1140,0.0387,,0.0000,0.0000,0.0000,,3.5915,75.3867,75.4722,-1.0586,29.7044,29.7232
14:11:32,6.9374,0.0574,-1.9627,55.3599,54.0471,0.0387,,0.0000,0.0000,0.0000,,3.5911,74.1194,74.2063,-1.0310,29.5752,29.5931
14:11:32,6.9934,0.0560,-1.9620,56.2596,53.9469,0.0387,,0.0000,0.0000,0.0000,,3.5905,72.2197,72.3089,-1.0043,29.1358,29.1531
14:11:32,7.0490,0.0556,-1.9614,57.1576,53.8468,0.0387,,0.0000,0.0000,0.0000,,3.5899,70.3217,70.4133,-0.9780,28.6940,28.7106
14:11:32,7.1043,0.0554,-1.9608,58.0539,53.7470,0.0387,,0.0000,0.0000,0.0000,,3.5893,68.4254,68.5195,-0.9518,28.2535,28.2695
14:11:32,7.1611,0.0568,-1.9602,58.9486,53.6473,0.0387,,0.0000,0.0000,0.0000,,3.5887,66.5307,66.6274,-0.9252,27.8254,27.8407
14:11:32,7.2182,0.0571,-1.9598,59.5441,53.5810,0.0387,,0.0000,0.0000,0.0000,,3.5883,65.2685,65.3671,-0.8985,27.6990,27.7136
14:11:32,7.2744,0.0562,-1.9592,60.4360,53.4816,0.0387,,0.0000,0.0000,0.0000,,3.5877,63.3766,63.4781,-0.8725,27.2686,27.2826
14:11:32,7.3313,0.0569,-1.9586,61.3263,53.3825,0.0387,,0.0000,0.0000,0.0000,,3.5871,61.4864,61.5910,-0.8463,26.8459,26.8592
14:11:32,7.3887,0.0574,-1.9580,62.2149,53.2835,0.0387,,0.0000,0.0000,0.0000,,3.5865,59.5978,59.7056,-0.8200,26.4293,26.4420
14:11:32,7.4463,0.0576,-1.9574,63.1019,53.1846,0.0387,,0.0000,0.0000,0.0000,,3.5859,57.7108,57.8221,-0.7938,26.0153,26.0274
14:11:32,7.5038,0.0575,-1.9568,63.9872,53.0860,0.0387,,0.0000,0.0000,0.0000,,3.5853,55.8255,55.9405,-0.7678,25.6028,25.6143
14:11:32,7.5622,0.0584,-1.9562,64.8709,52.9876,0.0387,,0.0000,0.0000,0.0000,,3.5847,53.9418,54.0608,-0.7415,25.1997,25.2107
14:11:32,7.6196,0.0574,-1.9558,65.4591,52.9220,0.0387,,0.0000,0.0000,0.0000,,3.5843,52.6869,52.8087,-0.7158,25.0834,25.0937
14:11:32,7.6754,0.0558,-1.9552,66.3400,52.8239,0.0387,,0.0000,0.0000,0.0000,,3.1741,50.8328,50.9318,-0.6911,24.6610,24.6707
14:11:32,7.7344,0.0589,-1.9546,67.2193,52.7259,0.0387,,0.0000,0.0000,0.0000,,3.1735,48.9535,49.0562,-0.6608,24.2654,24.2744
14:11:32,7.7933,0.0589,-1.9540,68.0970,52.6281,0.0387,,0.0000,0.0000,0.0000,,3.1729,47.0758,47.1826,-0.6448,23.8703,23.8790
14:11:32,7.8530,0.0597,-1.9535,68.9730,52.5305,0.0387,,0.0000,0.0000,0.0000,,3.1723,45.1997,45.3109,-0.6394,23.4762,23.4849
14:11:32,7.9113,0.0582,-1.9529,69.8475,52.4330,0.0387,,0.0000,0.0000,0.0000,,3.1718,43.3253,43.4412,-0.6167,23.0648,23.0730
14:11:33,7.9707,0.0594,-1.9523,70.7203,52.3358,0.0387,,0.0000,0.0000,0.0000,,3.1712,41.4525,41.5736,-0.5794,22.6747,22.6821
14:11:33,8.0286,0.0580,-1.9517,71.5915,52.2387,0.0387,,0.0000,0.0000,0.0000,,3.1706,39.5813,39.7081,-0.5394,22.2788,22.2853
14:11:33,8.0904,0.0618,-1.9511,72.4610,52.1418,0.0387,,0.0000,0.0000,0.0000,,3.1700,37.7117,37.8447,-0.5024,21.9047,21.9105
14:11:33,8.1549,0.0645,-1.9505,73.3290,52.0450,0.0387,,0.0000,0.0000,0.0000,,3.1694,35.8438,35.9836,-0.4816,21.5547,21.5600
14:11:33,8.2184,0.0635,-1.9499,74.1953,51.9485,0.0387,,0.0000,0.0000,0.0000,,3.1688,33.9774,34.1249,-0.4839,21.2182,21.2237
14:11:33,8.2783,0.0599,-1.9493,75.0601,51.8521,0.0387,,0.0000,0.0000,0.0000,,3.1682,32.1127,32.2686,-0.4864,20.8523,20.8580
14:11:33,8.3375,0.0592,-1.9488,75.9232,51.7559,0.0387,,0.0000,0.0000,0.0000,,3.1677,30.2495,30.4149,-0.4888,20.4813,20.4872
14:11:33,8.3975,0.0600,-1.9482,76.7847,51.6599,0.0387,,0.0000,0.0000,0.0000,,3.1671,28.3880,28.5641,-0.4912,20.1211,20.1271
14:11:33,8.4533,0.0558,-1.9476,77.6447,51.5641,0.0387,,0.0000,0.0000,0.0000,,3.1665,26.5280,26.7163,-0.4934,19.7257,19.7318
14:11:33,8.5088,0.0555,-1.9470,78.5030,51.4684,0.0387,,0.0000,0.0000,0.0000,,3.1659,24.6697,24.8720,-0.4957,19.3295,19.3358
14:11:33,8.5678,0.0590,-1.9464,79.3597,51.3729,0.0387,,0.0000,0.0000,0.0000,,3.1653,22.8129,23.0315,-0.4980,18.9640,18.9706
14:11:33,8.6272,0.0594,-1.9459,80.2149,51.2776,0.0387,,0.0000,0.0000,0.0000,,3.1648,20.9578,21.1954,-0.5004,18.6040,18.6107
14:11:33,8.6881,0.0609,-1.9453,81.0685,51.1824,0.0387,,0.0000,0.0000,0.0000,,3.1642,19.1042,19.3645,-0.5060,18.2579,18.2649
14:11:33,8.7485,0.0604,-1.9447,81.9205,51.0875,0.0387,,0.0000,0.0000,0.0000,,3.1636,17.2522,17.5399,-0.5114,17.8984,17.9057
14:11:33,8.8096,0.0611,-1.9441,82.7709,50.9927,0.0387,,0.0000,0.0000,0.0000,,3.1630,15.4018,15.7232,-0.5092,17.5496,17.5570
14:11:33,8.8707,0.0611,-1.9436,83.6197,50.8981,0.0387,,0.0000,0.0000,0.0000,,3.1624,13.5529,13.9170,-0.5008,17.2013,17.2086
14:11:34,8.9313,0.0607,-1.9430,84.4669,50.8036,0.0387,,0.0000,0.0000,0.0000,,3.1619,11.7057,12.1252,-0.5013,16.8585,16.8660
14:11:34,8.9935,0.0621,-1.9424,85.3126,50.7094,0.0387,,0.0000,0.0000,0.0000,,3.1613,9.8600,10.3544,-0.5029,16.5307,16.5384
14:11:34,9.0546,0.0611,-1.9418,86.1567,50.6152,0.0387,,0.0000,0.0000,0.0000,,3.1607,8.0159,8.6165,-0.5051,16.1953,16.2032
14:11:34,9.1150,0.0604,-1.9413,86.9993,50.5213,0.0387,,0.0000,0.0000,0.0000,,3.0553,6.2207,6.9306,-0.5075,15.8550,15.8631
14:11:34,9.1777,0.0627,-1.9407,87.8403,50.4276,0.0387,,0.0000,0.0000,0.0000,,2.9655,4.4293,5.3303,-0.5101,15.5366,15.5450
14:11:34,9.2402,0.0625,-1.9400,88.9516,49.6564,0.0387,,-1.0000,0.0000,0.0000,,2.3157,2.4383,3.3627,-0.5127,14.9449,14.9537
14:11:34,9.3026,0.0624,-1.9394,89.7717,48.9805,0.0387,,-1.0000,0.0000,0.0000,,2.2415,0.6731,2.3404,-0.5154,14.6440,14.6530
14:11:34,9.3639,0.0614,-1.9388,90.5805,48.3010,0.0387,,-1.0000,0.0000,0.0000,,1.9998,0.1641,2.0066,-0.5181,14.3464,14.3558
14:11:34,9.4282,0.0642,-1.9383,91.3780,47.6231,0.0387,,-1.0000,0.0000,0.0000,,1.8710,-0.0568,1.8719,-0.5209,14.0831,14.0928
14:11:34,9.4910,0.0628,-1.9378,92.1642,46.9463,0.0387,,-1.0000,0.0000,0.0000,,3.9361,94.9958,95.0773,-0.5237,13.8192,13.8291
14:11:34,9.5533,0.0623,-1.9373,92.9391,46.2706,0.0387,,-1.0000,0.0000,0.0000,,3.9356,93.2209,93.3039,-0.5264,13.5639,13.5741
14:11:34,9.6147,0.0614,-1.9367,93.7028,45.5961,0.0387,,-1.0000,0.0000,0.0000,,3.9351,91.4572,91.5418,-0.5292,13.3113,13.3218
14:11:34,9.6783,0.0636,-1.9362,94.4553,44.9228,0.0387,,-1.0000,0.0000,0.0000,,3.9346,89.7048,89.7910,-0.5321,13.0876,13.0984
14:11:34,9.7412,0.0630,-1.9356,95.4411,44.0268,0.0387,,-1.0000,0.0000,0.0000,,3.9339,87.3856,87.4741,-0.5350,12.6263,12.6376
14:11:34,9.8067,0.0654,-1.9351,96.1674,43.3561,0.0387,,-1.0000,0.0000,0.0000,,3.9334,85.6593,85.7496,-0.5380,12.4446,12.4562
14:11:34,9.8700,0.0633,-1.9346,96.8826,42.6867,0.0387,,-1.0000,0.0000,0.0000,,3.9329,83.9442,84.0362,-0.5369,12.2561,12.2679
14:11:35,9.9343,0.0643,-1.9341,97.5866,42.0183,0.0387,,-1.0000,0.0000,0.0000,,3.9325,82.2402,82.3341,-0.5432,12.0872,12.0994
14:11:35,10.0016,0.0673,-1.9335,98.5080,41.1290,0.0387,,-1.0000,0.0000,0.0000,,3.9318,79.9855,80.0820,-0.5509,11.7270,11.7400
14:11:35,10.0658,0.0642,-1.9330,99.1861,40.4634,0.0387,,-1.0000,0.0000,0.0000,,3.9314,78.3074,78.4060,-0.5588,11.5842,11.5976
14:11:35,10.1297,0.0639,-1.9326,99.8531,39.7989,0.0387,,-1.0000,0.0000,0.0000,,3.9309,76.6404,76.7411,-0.5667,11.4488,11.4628
14:11:35,10.1930,0.0633,-1.9321,100.5090,39.1355,0.0387,,-1.0000,0.0000,0.0000,,3.9305,74.9844,75.0874,-0.5788,11.3209,11.3356
14:11:35,10.2568,0.0638,-1.9317,101.1539,38.4733,0.0387,,-1.0000,0.0000,0.0000,,3.9301,73.3396,73.4448,-0.5837,11.2070,11.2222
14:11:35,10.3203,0.0635,-1.9311,101.9966,37.5921,0.0387,,-1.0000,0.0000,0.0000,,3.9295,71.1635,71.2719,-0.5914,10.8798,10.8958
14:11:35,10.3939,0.0736,-1.9307,102.6158,36.9325,0.0387,,-1.0000,0.0000,0.0000,,3.9291,69.5443,69.6552,-0.5856,10.8629,10.8787
14:11:35,10.4645,0.0706,-1.9302,103.4244,36.0549,0.0387,,-1.0000,0.0000,0.0000,,3.9285,67.4025,67.5169,-0.5800,10.6317,10.6475
14:11:35,10.5296,0.0651,-1.9298,104.0180,35.3980,0.0387,,-1.0000,0.0000,0.0000,,3.9281,65.8089,65.9260,-0.5721,10.5704,10.5858
14:11:35,10.5930,0.0634,-1.9294,104.6007,34.7422,0.0387,,-1.0000,0.0000,0.0000,,3.9277,64.2262,64.3462,-0.5636,10.5072,10.5223
14:11:35,10.6572,0.0642,-1.9290,105.1724,34.0876,0.0387,,-1.0000,0.0000,0.0000,,3.9273,62.6545,62.7774,-0.5588,10.4539,10.4688
14:11:35,10.7182,0.0609,-1.9286,105.7333,33.4340,0.0387,,-1.0000,0.0000,0.0000,,3.9270,61.0936,61.2197,-0.5359,10.3824,10.3963
14:11:35,10.7800,0.0618,-1.9282,106.2877,33.2033,0.0387,,0.0000,0.0000,0.0000,,3.9266,59.5393,59.6686,-0.5014,10.3364,10.3486
14:11:35,10.8396,0.0597,-1.9279,106.8417,33.2446,0.0387,,0.0000,0.0000,0.0000,,3.9262,57.9852,58.1180,-0.4687,10.2675,10.2782
14:11:35,10.9012,0.0615,-1.9274,107.5785,33.1416,0.0387,,0.0000,0.0000,0.0000,,3.5161,55.9419,56.0523,-0.4450,10.0269,10.0368
14:11:36,10.9643,0.0631,-1.9270,108.1299,33.0589,0.0387,,0.0000,0.0000,0.0000,,3.5158,54.3905,54.5040,-0.4453,10.0006,10.0105
14:11:36,11.0268,0.0625,-1.9266,108.6804,33.0097,0.0387,,0.0000,0.0000,0.0000,,3.5154,52.8401,52.9569,-0.4458,9.9703,9.9803
14:11:36,11.0892,0.0625,-1.9262,109.2298,32.9402,0.0387,,0.0000,0.0000,0.0000,,3.5150,51.2907,51.4110,-0.4463,9.9403,9.9503
14:11:36,11.1524,0.0632,-1.9259,109.7782,32.8843,0.0387,,0.0000,0.0000,0.0000,,3.5146,49.7423,49.8664,-0.4469,9.9173,9.9274
14:11:36,11.2157,0.0633,-1.9255,110.3255,32.8191,0.0387,,0.0000,0.0000,0.0000,,3.5143,48.1950,48.3230,-0.4476,9.8971,9.9072
14:11:36,11.2774,0.0617,-1.9251,110.8718,32.7608,0.0387,,0.0000,0.0000,0.0000,,3.5139,46.6487,46.7808,-0.4487,9.8648,9.8750
14:11:36,11.3399,0.0624,-1.9248,111.4172,32.6976,0.0387,,0.0000,0.0000,0.0000,,3.5135,45.1034,45.2400,-0.4524,9.8386,9.8489
14:11:36,11.4023,0.0625,-1.9243,112.1427,32.6167,0.0387,,0.0000,0.0000,0.0000,,3.5130,43.0446,43.1877,-0.4570,9.6328,9.6436
14:11:36,11.4656,0.0632,-1.9239,112.6856,32.5570,0.0387,,0.0000,0.0000,0.0000,,3.5127,41.5016,41.6500,-0.4624,9.6169,9.6280
14:11:36,11.5301,0.0645,-1.9235,113.2275,32.4954,0.0387,,0.0000,0.0000,0.0000,,3.5123,39.9597,40.1138,-0.4680,9.6110,9.6224
14:11:36,11.5943,0.0642,-1.9232,113.7685,32.4355,0.0387,,0.0000,0.0000,0.0000,,3.5119,38.4188,38.5790,-0.4738,9.6058,9.6174
14:11:36,11.6578,0.0634,-1.9228,114.3084,32.3745,0.0387,,0.0000,0.0000,0.0000,,3.5116,36.8789,37.0457,-0.4796,9.5932,9.6052
14:11:36,11.7206,0.0629,-1.9223,115.0267,32.2941,0.0387,,0.0000,0.0000,0.0000,,3.5111,34.8273,35.0038,-0.4852,9.3987,9.4112
14:11:36,11.7842,0.0636,-1.9220,115.5643,32.2342,0.0387,,0.0000,0.0000,0.0000,,3.5107,33.2897,33.4743,-0.4911,9.3901,9.4029
14:11:36,11.8463,0.0621,-1.9216,116.1008,32.1739,0.0387,,0.0000,0.0000,0.0000,,3.5104,31.7532,31.9466,-0.4969,9.3707,9.3838
14:11:36,11.9102,0.0638,-1.9212,116.6364,32.1141,0.0387,,0.0000,0.0000,0.0000,,3.5100,30.2176,30.4208,-0.5030,9.3658,9.3792
14:11:37,11.9779,0.0677,-1.9209,117.1666,31.6486,0.0387,,-1.0000,0.0000,0.0000,,3.5097,28.6874,28.9013,-0.5094,9.3991,9.4129
14:11:37,12.0407,0.0628,-1.9204,117.8561,30.7980,0.0387,,-1.0000,0.0000,0.0000,,3.1577,26.7069,26.8930,-0.5203,9.2323,9.2470
14:11:37,12.1047,0.0640,-1.9201,118.3599,29.9320,0.0387,,-1.0000,0.0000,0.0000,,3.1574,25.2031,25.4001,-0.5180,9.2485,9.2630
14:11:37,12.1671,0.0624,-1.9197,118.8545,29.5754,0.0387,,-1.0000,0.0000,0.0000,,3.1571,23.7086,23.9178,-0.5129,9.2637,9.2779
14:11:37,12.2310,0.0639,-1.9194,119.3359,28.4686,0.0387,,-1.0000,0.0000,0.0000,,3.1567,22.2271,22.4501,-0.4940,9.3039,9.3170
14:11:37,12.2968,0.0658,-1.9191,119.8139,28.8127,0.0387,,0.0000,0.0000,0.0000,,3.1564,20.7492,20.9879,-0.4691,9.3719,9.3836
14:11:37,12.3614,0.0645,-1.9187,120.4480,28.7735,0.0387,,0.0000,0.0000,0.0000,,3.1560,18.7817,19.0450,-0.4509,9.2684,9.2794
14:11:37,12.4258,0.0645,-1.9183,120.9208,28.1341,0.0387,,0.0000,0.0000,0.0000,,3.1557,17.3089,17.5942,-0.4187,9.3142,9.3236
14:11:37,12.4892,0.0633,-1.9180,121.3962,28.7453,0.0387,,0.0000,0.0000,0.0000,,3.1553,15.8336,16.1450,-0.4053,9.3496,9.3584
14:11:37,12.5508,0.0616,-1.9177,121.8664,27.9407,0.0387,,0.0000,0.0000,0.0000,,3.1550,14.3634,14.7058,-0.4135,9.3933,9.4023
14:11:37,12.6136,0.0628,-1.9174,122.3400,28.6495,0.0387,,0.0000,0.0000,0.0000,,3.1547,12.8899,13.2703,-0.4221,9.4417,9.4511
14:11:37,12.6851,0.0715,-1.9170,122.9671,28.5767,0.0387,,0.0000,0.0000,0.0000,,3.1543,10.9294,11.3755,-0.4319,9.4114,9.4213
14:11:37,12.7585,0.0734,-1.9166,123.4342,27.7497,0.0387,,0.0000,0.0000,0.0000,,3.1540,9.4624,9.9742,-0.4420,9.5552,9.5654
14:11:37,12.8229,0.0644,-1.9162,124.0584,27.6746,0.0387,,0.0000,0.0000,0.0000,,3.1535,7.5048,8.1405,-0.4508,9.4671,9.4778
14:11:37,12.8858,0.0630,-1.9159,124.5276,28.3951,0.0387,,0.0000,0.0000,0.0000,,3.0484,6.0830,6.8041,-0.4614,9.5231,9.5343
14:11:38,12.9485,0.0627,-1.9156,124.9916,27.5622,0.0387,,0.0000,0.0000,0.0000,,2.9588,4.6686,5.5272,-0.4736,9.5814,9.5931
14:11:38,13.0083,0.0598,-1.9153,125.4590,28.2866,0.0387,,0.0000,0.0000,0.0000,,2.5886,3.4535,4.3160,-0.4860,9.6122,9.6245
14:11:38,13.0686,0.0603,-1.9150,125.9212,27.4502,0.0387,,0.0000,0.0000,0.0000,,2.5391,2.0286,3.2499,-0.4987,9.6519,9.6647
14:11:38,13.1316,0.0630,-1.9146,126.3868,28.1783,0.0387,,0.0000,0.0000,0.0000,,2.3343,0.7483,2.4513,-0.5121,9.7108,9.7242
14:11:38,13.1954,0.0639,-1.9143,126.8471,27.3387,0.0387,,0.0000,0.0000,0.0000,,2.1507,0.2084,2.1607,-0.5257,9.7825,9.7966
14:11:38,13.2606,0.0651,-1.9139,127.4623,27.2646,0.0387,,0.0000,0.0000,0.0000,,1.9237,-0.0332,1.9240,-0.5396,9.7103,9.7253
14:11:38,13.3266,0.0661,-1.9136,127.9249,27.9987,0.0387,,0.0000,0.0000,0.0000,,1.9076,-0.0625,1.9086,-0.5538,9.7980,9.8136
14:11:38,13.3883,0.0616,-1.9133,128.3821,27.1539,0.0387,,0.0000,0.0000,0.0000,,3.9117,93.9317,94.0131,-0.5670,9.8545,9.8708
14:11:38,13.4513,0.0631,-1.9130,128.8429,27.8914,0.0387,,0.0000,0.0000,0.0000,,3.9113,92.4710,92.5536,-0.5759,9.9196,9.9363
14:11:38,13.5162,0.0648,-1.9127,129.2983,27.0435,0.0387,,0.0000,0.0000,0.0000,,3.9110,91.0155,91.0995,-0.5987,9.9908,10.0087
14:11:38,13.5809,0.0647,-1.9123,129.9071,26.9702,0.0387,,0.0000,0.0000,0.0000,,3.9106,89.0734,89.1592,-0.6157,9.8904,9.9096
14:11:38,13.6435,0.0627,-1.9120,130.3649,27.7132,0.0387,,0.0000,0.0000,0.0000,,3.9103,87.6157,87.7029,-0.6268,9.9156,9.9354
14:11:38,13.7060,0.0624,-1.9117,130.8173,26.8606,0.0387,,0.0000,0.0000,0.0000,,3.9100,86.1633,86.2519,-0.6292,9.9465,9.9663
14:11:38,13.7704,0.0644,-1.9113,131.2778,27.9860,0.0387,,1.0000,0.0000,0.0000,,3.9097,84.7028,84.7930,-0.6207,9.9948,10.0141
14:11:38,13.8327,0.0623,-1.9110,131.7442,27.9961,0.0387,,1.0000,0.0000,0.0000,,3.9094,83.2363,83.3281,-0.6204,10.0383,10.0574
14:11:38,13.8959,0.0633,-1.9107,132.2224,29.0352,0.0387,,1.0000,0.0000,0.0000,,3.9091,81.7582,81.8516,-0.6215,10.0772,10.0963
14:11:39,13.9587,0.0628,-1.9104,132.7068,29.0764,0.0387,,1.0000,0.0000,0.0000,,3.9087,80.2739,80.3690,-0.6080,10.1103,10.1286
14:11:39,14.0226,0.0639,-1.9099,133.3682,29.7939,0.0387,,1.0000,0.0000,0.0000,,3.9083,78.2792,78.3767,-0.5945,9.9747,9.9924
14:11:39,14.0874,0.0647,-1.9096,133.8714,30.4009,0.0387,,0.0000,0.0000,0.0000,,3.9079,76.7759,76.8753,-0.5810,10.0041,10.0210
14:11:39,14.1504,0.0630,-1.9092,134.3699,29.6614,0.0387,,0.0000,0.0000,0.0000,,3.9076,75.2775,75.3788,-0.5652,10.0243,10.0402
14:11:39,14.2123,0.0619,-1.9089,134.8712,30.2898,0.0387,,0.0000,0.0000,0.0000,,3.9073,73.7762,73.8796,-0.5443,10.0317,10.0464
14:11:39,14.2776,0.0653,-1.9086,135.3677,29.5401,0.0387,,0.0000,0.0000,0.0000,,3.9069,72.2797,72.3852,-0.5381,10.0691,10.0835
14:11:39,14.3421,0.0645,-1.9081,136.0308,29.4603,0.0387,,0.0000,0.0000,0.0000,,3.6382,70.2977,70.3918,-0.5423,9.9346,9.9494
14:11:39,14.4065,0.0644,-1.9078,136.5289,30.1009,0.0387,,0.0000,0.0000,0.0000,,3.6378,68.7996,68.8957,-0.5288,9.9666,9.9806
14:11:39,14.4702,0.0637,-1.9075,137.0222,29.3408,0.0387,,0.0000,0.0000,0.0000,,3.6375,67.3063,67.4046,-0.5090,9.9973,10.0103
14:11:39,14.5349,0.0648,-1.9071,137.5227,30.3668,0.0387,,1.0000,0.0000,0.0000,,3.6372,65.8058,65.9062,-0.5046,10.0265,10.0392
14:11:39,14.5984,0.0635,-1.9068,138.0296,30.4377,0.0387,,1.0000,0.0000,0.0000,,3.6368,64.2990,64.4018,-0.5107,10.0390,10.0520
14:11:39,14.6627,0.0642,-1.9063,138.7208,31.1537,0.0387,,1.0000,0.0000,0.0000,,3.6363,62.2745,62.3805,-0.4992,9.8765,9.8891
14:11:39,14.7297,0.0670,-1.9060,139.2463,31.7104,0.0387,,0.0000,0.0000,0.0000,,3.6360,60.7490,60.8577,-0.4802,9.9027,9.9143
14:11:39,14.7938,0.0641,-1.9056,139.7675,31.0558,0.0387,,0.0000,0.0000,0.0000,,3.6356,59.2278,59.3393,-0.4778,9.9067,9.9182
14:11:39,14.8583,0.0645,-1.9052,140.2909,31.5824,0.0387,,0.0000,0.0000,0.0000,,3.6353,57.7044,57.8187,-0.4760,9.9102,9.9216
14:11:39,14.9221,0.0637,-1.9048,140.9852,31.5017,0.0387,,0.0000,0.0000,0.0000,,3.6348,55.6768,55.7953,-0.4748,9.7379,9.7494
14:11:40,14.9949,0.0728,-1.9044,141.5030,30.8587,0.0387,,0.0000,0.0000,0.0000,,3.6345,54.1589,54.2808,-0.4766,9.8167,9.8283
14:11:40,15.0670,0.0721,-1.9040,142.1942,30.7760,0.0387,,0.0000,0.0000,0.0000,,3.2244,52.1613,52.2609,-0.4869,9.7150,9.7272
14:11:40,15.1333,0.0662,-1.9036,142.7130,31.3075,0.0387,,0.0000,0.0000,0.0000,,3.2241,50.6425,50.7450,-0.4814,9.7422,9.7541
14:11:40,15.1964,0.0631,-1.9033,143.2275,30.6502,0.0387,,0.0000,0.0000,0.0000,,3.2237,49.1280,49.2337,-0.4668,9.7469,9.7581
14:11:40,15.2588,0.0624,-1.9029,143.7443,31.1938,0.0387,,0.0000,0.0000,0.0000,,3.2234,47.6112,47.7202,-0.4677,9.7404,9.7516
14:11:40,15.3193,0.0605,-1.9026,144.2568,30.5235,0.0387,,0.0000,0.0000,0.0000,,3.2230,46.0987,46.2112,-0.4705,9.7225,9.7338
14:11:40,15.3803,0.0610,-1.9021,144.9408,30.4392,0.0387,,0.0000,0.0000,0.0000,,3.2226,44.0814,44.1990,-0.4753,9.5390,9.5508
14:11:40,15.4458,0.0655,-1.9018,145.4544,31.0052,0.0387,,0.0000,0.0000,0.0000,,3.2222,42.5678,42.6896,-0.4791,9.5616,9.5736
14:11:40,15.5123,0.0665,-1.9014,145.9635,30.3135,0.0387,,0.0000,0.0000,0.0000,,3.2219,41.0588,41.1850,-0.4953,9.5889,9.6017
14:11:40,15.5767,0.0645,-1.9011,146.4751,30.8919,0.0387,,0.0000,0.0000,0.0000,,3.2215,39.5471,39.6781,-0.4900,9.5905,9.6031
14:11:40,15.6393,0.0625,-1.9007,146.9822,30.1888,0.0387,,0.0000,0.0000,0.0000,,3.2212,38.0401,38.1762,-0.4697,9.5933,9.6048
14:11:40,15.7057,0.0665,-1.9003,147.6591,30.1062,0.0387,,0.0000,0.0000,0.0000,,3.2207,36.0298,36.1735,-0.4504,9.4591,9.4698
14:11:40,15.7707,0.0649,-1.8999,148.1718,31.0864,0.0387,,1.0000,0.0000,0.0000,,3.2204,34.5171,34.6670,-0.4382,9.4664,9.4765
14:11:40,15.8340,0.0633,-1.8996,148.6910,31.1811,0.0387,,1.0000,0.0000,0.0000,,3.2200,32.9980,33.1548,-0.4549,9.4704,9.4813
14:11:40,15.8968,0.0628,-1.8992,149.2169,31.7360,0.0387,,0.0000,0.0000,0.0000,,3.2197,31.4721,31.6364,-0.4815,9.4671,9.4794
14:11:41,15.9596,0.0628,-1.8989,149.7386,31.0841,0.0387,,0.0000,0.0000,0.0000,,3.2193,29.9505,30.1230,-0.5084,9.4672,9.4808
14:11:41,16.0224,0.0628,-1.8984,150.4347,31.0077,0.0387,,0.0000,0.0000,0.0000,,3.2188,27.9210,28.1059,-0.5351,9.2937,9.3091
14:11:41,16.0856,0.0632,-1.8980,150.9573,31.5267,0.0387,,0.0000,0.0000,0.0000,,3.2185,26.3984,26.5939,-0.5621,9.2969,9.3138
14:11:41,16.1496,0.0640,-1.8977,151.4757,30.8872,0.0387,,0.0000,0.0000,0.0000,,3.2181,24.8801,25.0874,-0.5895,9.3111,9.3298
14:11:41,16.2130,0.0634,-1.8973,151.9962,31.4091,0.0387,,0.0000,0.0000,0.0000,,3.2178,23.3595,23.5801,-0.6166,9.3179,9.3383
14:11:41,16.2804,0.0673,-1.8969,152.6866,31.3324,0.0387,,0.0000,0.0000,0.0000,,3.2173,21.3358,21.5770,-0.5718,9.1932,9.2110
14:11:41,16.3457,0.0654,-1.8965,153.2016,30.6787,0.0387,,0.0000,0.0000,0.0000,,3.2170,19.8209,20.0802,-0.5737,9.2235,9.2414
14:11:41,16.4085,0.0628,-1.8962,153.7189,31.2186,0.0387,,0.0000,0.0000,0.0000,,3.2166,18.3036,18.5841,-0.5742,9.2302,9.2481
14:11:41,16.4714,0.0629,-1.8958,154.2318,30.5518,0.0387,,0.0000,0.0000,0.0000,,3.2163,16.7907,17.0959,-0.5749,9.2419,9.2598
14:11:41,16.5354,0.0641,-1.8955,154.7471,31.1056,0.0387,,0.0000,0.0000,0.0000,,3.2159,15.2754,15.6102,-0.5761,9.2619,9.2798
14:11:41,16.5984,0.0630,-1.8951,155.2580,30.4252,0.0387,,0.0000,0.0000,0.0000,,3.2156,13.7645,14.1351,-0.5771,9.2773,9.2952
14:11:41,16.6623,0.0639,-1.8947,155.9400,30.3413,0.0387,,0.0000,0.0000,0.0000,,3.1317,11.7658,12.1755,-0.5678,9.1288,9.1465
14:11:41,16.7274,0.0651,-1.8943,156.4563,31.3035,0.0387,,1.0000,0.0000,0.0000,,3.1314,10.2495,10.7171,-0.5695,9.1559,9.1736
14:11:41,16.7909,0.0635,-1.8940,156.9792,31.4066,0.0387,,1.0000,0.0000,0.0000,,3.1310,8.7266,9.2713,-0.5700,9.1630,9.1807
14:11:41,16.8563,0.0654,-1.8936,157.5088,31.9521,0.0387,,0.0000,0.0000,0.0000,,3.1307,7.1970,7.8485,-0.5710,9.1800,9.1977
14:11:41,16.9223,0.0660,-1.8931,158.2112,31.8622,0.0387,,0.0000,0.0000,0.0000,,2.8167,5.2995,6.0015,-0.5546,9.0298,9.0468
14:11:42,16.9869,0.0646,-1.8928,158.7353,31.2415,0.0387,,0.0000,0.0000,0.0000,,2.5824,3.8879,4.6674,-0.5872,9.0423,9.0614
14:11:42,17.0508,0.0639,-1.8924,159.2616,31.7363,0.0387,,0.0000,0.0000,0.0000,,2.3260,2.5555,3.4556,-0.6194,9.0481,9.0693
14:11:42,17.1146,0.0639,-1.8921,159.7837,31.1235,0.0387,,0.0000,0.0000,0.0000,,2.2180,1.1287,2.4887,-0.6468,9.0578,9.0809
14:11:42,17.1793,0.0647,-1.8917,160.3079,31.6160,0.0387,,0.0000,0.0000,0.0000,,2.1219,0.2056,2.1319,-0.6865,9.0611,9.0871
14:11:42,17.2430,0.0637,-1.8912,161.0032,31.5379,0.0387,,0.0000,0.0000,0.0000,,1.9018,-0.0424,1.9023,-0.7331,8.8659,8.8962
14:11:42,17.3175,0.0745,-1.8909,161.5220,30.9169,0.0387,,0.0000,0.0000,0.0000,,1.8462,-0.0560,1.8470,-0.7768,8.9121,8.9459
14:11:42,17.3885,0.0710,-1.8904,162.2063,30.2065,0.0387,,-1.0000,0.0000,0.0000,,3.8885,93.2981,93.3791,-0.7830,8.7623,8.7972
14:11:42,17.4571,0.0686,-1.8901,162.7121,30.4399,0.0387,,0.0000,0.0000,0.0000,,3.8882,91.7923,91.8746,-0.7696,8.7935,8.8271
14:11:42,17.5209,0.0638,-1.8896,163.3841,30.4075,0.0387,,0.0000,0.0000,0.0000,,3.8878,89.7870,89.8711,-0.7591,8.6210,8.6544
14:11:42,17.5851,0.0642,-1.8893,163.8856,29.9238,0.0387,,0.0000,0.0000,0.0000,,3.8874,88.2854,88.3709,-0.7446,8.6280,8.6601
14:11:42,17.6448,0.0598,-1.8890,164.3887,30.3244,0.0387,,0.0000,0.0000,0.0000,,3.8871,86.7823,86.8693,-0.7272,8.6036,8.6343
14:11:42,17.7043,0.0594,-1.8886,164.8881,29.7741,0.0387,,0.0000,0.0000,0.0000,,3.8867,85.2829,85.3714,-0.7161,8.5685,8.5984
14:11:42,17.7649,0.0606,-1.8883,165.3894,30.2430,0.0387,,0.0000,0.0000,0.0000,,3.8864,83.7816,83.8717,-0.6971,8.5420,8.5704
14:11:42,17.8292,0.0643,-1.8879,165.8866,29.6092,0.0387,,0.0000,0.0000,0.0000,,3.8861,82.2845,82.3762,-0.6957,8.0451,8.0751
14:11:42,17.8938,0.0646,-1.8876,166.3861,30.1706,0.0387,,0.0000,0.0000,0.0000,,3.8857,80.7849,80.8783,-0.6942,7.5457,7.5775
14:11:43,17.9586,0.0648,-1.8873,166.8810,29.4452,0.0387,,0.0000,0.0000,0.0000,,3.8854,79.2901,79.3852,-0.6925,7.0508,7.0847
14:11:43,18.0225,0.0639,-1.8868,167.5418,29.3570,0.0387,,0.0000,0.0000,0.0000,,3.8849,77.2959,77.3935,-0.6899,6.3912,6.4283
14:11:43,18.0874,0.0649,-1.8865,168.0382,30.0012,0.0387,,0.0000,0.0000,0.0000,,3.8846,75.7995,75.8990,-0.6876,5.8950,5.9350
14:11:43,18.1521,0.0647,-1.8862,168.5298,29.2360,0.0387,,0.0000,0.0000,0.0000,,3.8843,74.3080,74.4095,-0.6851,5.4037,5.4470
14:11:43,18.2175,0.0654,-1.8858,169.0200,29.1747,0.0387,,-1.0000,0.0000,0.0000,,3.8839,72.8178,72.9213,-0.6822,4.9137,4.9608
14:11:43,18.2843,0.0669,-1.8854,169.6537,28.3165,0.0387,,-1.0000,0.0000,0.0000,,3.8835,70.8507,70.9571,-0.6779,4.2812,4.3346
14:11:43,18.3505,0.0662,-1.8851,170.1201,27.7969,0.0387,,0.0000,0.0000,0.0000,,3.8832,69.3843,69.4929,-0.6741,3.8155,3.8746
14:11:43,18.4143,0.0638,-1.8848,170.5885,28.2759,0.0387,,0.0000,0.0000,0.0000,,3.8829,67.9160,68.0269,-0.6698,3.3481,3.4144
14:11:43,18.4796,0.0654,-1.8845,171.0525,27.5801,0.0387,,0.0000,0.0000,0.0000,,3.8826,66.4520,66.5654,-0.6647,2.8850,2.9606
14:11:43,18.5441,0.0645,-1.8840,171.6654,27.0306,0.0387,,-1.0000,0.0000,0.0000,,3.8822,64.5058,64.6225,-0.6259,2.2846,2.3688
14:11:43,18.6080,0.0639,-1.8837,172.1119,26.6553,0.0387,,-1.0000,0.0000,0.0000,,3.8819,63.0593,63.1787,-0.5828,1.8525,1.9420
14:11:43,18.6717,0.0637,-1.8834,172.5463,25.7645,0.0387,,-1.0000,0.0000,0.0000,,3.8816,61.6249,61.7471,-0.5744,1.4205,1.5322
14:11:43,18.7353,0.0636,-1.8832,172.9714,25.3774,0.0387,,-1.0000,0.0000,0.0000,,3.8813,60.1998,60.3248,-0.5645,0.9984,1.1470
14:11:43,18.7978,0.0625,-1.8829,173.3844,24.4847,0.0387,,-1.0000,0.0000,0.0000,,3.8810,58.7868,58.9148,-0.4638,0.6431,0.7929
14:11:43,18.8617,0.0638,-1.8825,173.9196,23.6356,0.0387,,-1.0000,0.0000,0.0000,,3.4711,56.9451,57.0508,-0.2159,0.2876,0.3596
14:11:44,18.9311,0.0694,-1.8823,174.3094,23.2627,0.0387,,-1.0000,0.0000,0.0000,,3.4708,55.5554,55.6637,-0.1196,0.0348,0.1246
14:11:44,18.9957,0.0646,-1.8795,174.6872,22.3776,0.2232,,-1.0000,0.0000,0.0000,,3.8684,54.1515,54.2895,-0.1305,0.0130,0.1311
14:11:44,19.0601,0.0644,-1.8659,175.1744,21.5482,0.9424,,-1.0000,0.0000,0.0000,,3.8197,52.3335,52.4727,-0.0872,0.0050,0.0874
14:11:44,19.1255,0.0655,-1.8511,175.5330,21.5548,1.6487,,-1.0000,0.0000,0.0000,,3.7725,50.9759,51.1153,-0.1299,0.0046,0.1300
14:11:44,19.1917,0.0661,-1.8372,175.8832,20.9318,2.0946,,-1.0000,0.0000,0.0000,,3.7405,49.6255,49.7663,-0.0247,0.0011,0.0247
14:11:44,19.2563,0.0647,-1.8242,176.2240,20.4117,2.3593,,-1.0000,0.0000,0.0000,,3.7186,48.2842,48.4272,0.0000,0.0000,0.0000
14:11:44,19.3234,0.0671,-1.8068,176.6620,19.4934,2.5159,,-1.0000,0.0000,0.0000,,3.6974,46.5123,46.6590,0.0000,0.0000,0.0000
14:11:44,19.3892,0.0658,-1.7934,176.9796,18.8233,2.5035,,-1.0000,0.0000,0.0000,,3.6859,45.1943,45.3443,0.0000,0.0000,0.0000
14:11:44,19.4536,0.0644,-1.7801,177.2859,18.1695,2.5578,,-1.0000,0.0000,0.0000,,3.6709,43.8880,44.0412,-0.0076,0.0001,0.0076
14:11:44,19.5194,0.0658,-1.7671,177.5805,17.5086,2.5648,,-1.0000,0.0000,0.0000,,3.6579,42.5933,42.7501,-0.5454,113.6132,113.6145
14:11:44,19.5931,0.0737,-1.7503,177.9576,16.6753,2.5778,,-1.0000,0.0000,0.0000,,3.6406,40.8829,41.0446,-0.5217,113.8392,113.8404
14:11:44,19.6738,0.0807,-1.7343,178.3164,15.8515,2.5844,,-1.0000,0.0000,0.0000,,3.6243,39.1908,39.3581,-0.4993,114.1502,114.1513
14:11:44,19.7396,0.0659,-1.7227,178.5735,15.2373,2.5889,,-1.0000,0.0000,0.0000,,3.6125,37.9338,38.1054,-0.4805,114.4406,114.4416
14:11:44,19.8054,0.0658,-1.7077,178.9062,14.9379,2.5255,,0.0000,0.0000,0.0000,,3.6002,36.2676,36.4459,-0.4707,114.6491,114.6500
14:11:44,19.8697,0.0643,-1.6967,179.1546,14.9099,2.5000,,0.0000,0.0000,0.0000,,3.5902,35.0192,35.2028,-0.4441,114.9262,114.9271
14:11:45,19.9299,0.0602,-1.6858,179.4026,14.8820,2.4886,,0.0000,0.0000,0.0000,,3.5797,33.7712,33.9604,-0.4334,115.1786,115.1795
14:11:45,19.9917,0.0618,-1.6749,179.6500,14.8541,2.4836,,0.0000,0.0000,0.0000,,3.5691,32.5238,32.7190,-0.4050,115.4376,115.4383
14:11:45,20.0567,0.0651,-1.6642,179.8971,14.8263,2.4813,,0.0000,0.0000,0.0000,,3.1504,31.3210,31.4790,-0.3868,115.7256,115.7262
14:11:45,20.1221,0.0654,-1.6499,180.2257,14.7892,2.4801,,0.0000,0.0000,0.0000,,3.1361,29.6590,29.8243,-0.3737,115.9346,115.9352
14:11:45,20.1883,0.0662,-1.6392,180.4717,14.7615,2.4797,,0.0000,0.0000,0.0000,,3.1255,28.4131,28.5845,-0.3582,116.2328,116.2333
14:11:45,20.2533,0.0650,-1.6286,180.7171,14.7338,2.4796,,0.0000,0.0000,0.0000,,3.1149,27.1676,27.3456,-0.3393,116.5166,116.5171
14:11:45,20.3176,0.0643,-1.6180,180.9622,14.7062,2.4795,,0.0000,0.0000,0.0000,,3.1043,25.9226,26.1078,-0.3338,116.7824,116.7829
14:11:45,20.3824,0.0648,-1.6039,181.2882,14.6695,2.4795,,0.0000,0.0000,0.0000,,3.0901,24.2633,24.4593,-0.3168,116.9732,116.9736
14:11:45,20.4472,0.0647,-1.5933,181.5321,14.6420,2.4795,,0.0000,0.0000,0.0000,,3.0796,23.0193,23.2244,-0.2867,117.2574,117.2578
14:11:45,20.5117,0.0645,-1.5828,181.7756,14.6145,2.4794,,0.0000,0.0000,0.0000,,2.7833,21.8158,21.9926,-0.2524,117.5436,117.5439
14:11:45,20.5770,0.0653,-1.5722,182.0187,14.5871,2.4794,,0.0000,0.0000,0.0000,,2.7728,20.5728,20.7588,-0.2239,117.8262,117.8264
14:11:45,20.6418,0.0648,-1.5582,182.3420,14.5507,2.4794,,0.0000,0.0000,0.0000,,2.7588,18.9161,19.1162,-0.2141,118.0233,118.0235
14:11:45,20.7121,0.0703,-1.5480,182.5784,13.9907,2.4794,,-1.0000,0.0000,0.0000,,2.7485,17.6797,17.8921,-0.2291,118.3717,118.3720
14:11:45,20.7765,0.0645,-1.5382,182.8045,13.3713,2.4794,,-1.0000,0.0000,0.0000,,2.7387,16.4536,16.6800,-0.2446,118.6818,118.6820
14:11:45,20.8414,0.0648,-1.5259,183.0899,12.5470,2.4794,,-1.0000,0.0000,0.0000,,2.7264,14.8349,15.0833,-0.2628,118.9362,118.9365
14:11:45,20.9075,0.0661,-1.5171,183.2920,11.9301,2.4794,,-1.0000,0.0000,0.0000,,2.7176,13.6328,13.9011,-0.2775,119.2860,119.2863
14:11:46,20.9728,0.0653,-1.5088,183.4838,11.3141,2.4794,,-1.0000,0.0000,0.0000,,2.7093,12.4410,12.7326,-0.2916,119.6374,119.6377
14:11:46,21.0405,0.0677,-1.4984,183.7236,10.4945,2.4794,,-1.0000,0.0000,0.0000,,2.6989,10.8679,11.1980,-0.3081,119.9549,119.9553
14:11:46,21.1086,0.0682,-1.4911,183.8916,9.8809,2.4794,,-1.0000,0.0000,0.0000,,2.6917,9.7000,10.0665,-0.3062,120.3415,120.3419
14:11:46,21.1742,0.0656,-1.4843,184.0493,9.2684,2.4794,,-1.0000,0.0000,0.0000,,2.6848,8.5423,8.9543,-0.2932,120.7224,120.7228
14:11:46,21.2412,0.0670,-1.4759,184.2437,8.4534,2.4794,,-1.0000,0.0000,0.0000,,2.6764,7.0145,7.5078,-0.2742,121.0839,121.0843
14:11:46,21.3071,0.0659,-1.4701,184.3777,7.8433,2.4794,,-1.0000,0.0000,0.0000,,2.4944,5.9409,6.4433,-0.2545,121.4898,121.4900
14:11:46,21.3738,0.0667,-1.4647,184.5016,7.2342,2.4794,,-1.0000,0.0000,0.0000,,2.4012,4.8614,5.4221,-0.2474,121.9117,121.9119
14:11:46,21.4400,0.0663,-1.4583,184.6509,6.4237,2.4794,,-1.0000,0.0000,0.0000,,2.3119,3.4278,4.1346,-0.2577,122.3120,122.3122
14:11:46,21.5061,0.0661,-1.4539,184.7512,5.8182,2.4794,,-1.0000,0.0000,0.0000,,2.0373,2.5039,3.2280,-0.2690,122.7622,122.7625
14:11:46,21.5721,0.0660,-1.4500,184.8413,5.2143,2.4794,,-1.0000,0.0000,0.0000,,1.7794,1.6058,2.3968,-0.2798,123.2219,123.2222
14:11:46,21.6375,0.0654,-1.4466,184.9214,4.6083,2.4794,,-1.0000,0.0000,0.0000,,1.7000,0.5883,1.7989,-0.2902,123.6866,123.6870
14:11:46,21.7032,0.0657,-1.4426,185.0130,3.8132,2.4794,,-1.0000,0.0000,0.0000,,1.5028,0.0812,1.5050,-0.3011,124.1432,124.1435
14:11:46,21.7717,0.0685,-1.4401,185.0698,3.2122,2.4794,,-1.0000,0.0000,0.0000,,1.4231,-0.0544,1.4241,-0.3109,124.6572,124.6576
14:11:46,21.8389,0.0672,-1.4381,185.1171,2.6831,2.4772,,-1.0000,0.0000,0.0000,,1.3590,-0.0658,1.3605,-0.3233,125.1699,125.1703
14:11:46,21.9107,0.0719,-1.4360,185.1660,1.9153,2.4785,,-1.0000,0.0000,0.0000,,3.3306,95.0673,95.1257,-0.3380,125.7189,125.7193
14:11:47,21.9844,0.0737,-1.4346,185.1979,1.1498,2.4786,,-1.0000,0.0000,0.0000,,3.3292,93.7021,93.7612,-0.3528,126.3017,126.3022
14:11:47,22.0564,0.0720,-1.4337,185.2174,1.2648,2.4784,,0.0000,0.0000,0.0000,,3.3283,92.6825,92.7423,-0.3668,126.8805,126.8810
14:11:47,22.1190,0.0626,-1.4327,185.2419,1.5949,2.4770,,0.0000,0.0000,0.0000,,3.3273,91.6579,91.7183,-0.3794,127.3787,127.3793
14:11:47,22.1813,0.0623,-1.4309,185.2822,1.9688,2.4826,,0.0000,0.0000,0.0000,,3.3254,90.2844,90.3456,-0.3929,127.8569,127.8575
14:11:47,22.2417,0.0605,-1.4294,185.3182,2.2667,2.4836,,0.0000,0.0000,0.0000,,3.3238,89.2483,89.3102,-0.4056,128.3243,128.3249
14:11:47,22.3008,0.0591,-1.4276,185.3593,2.5626,2.4825,,0.0000,0.0000,0.0000,,3.3220,88.2072,88.2697,-0.4183,128.7766,128.7773
14:11:47,22.3608,0.0599,-1.4256,185.4052,2.8664,2.4829,,0.0000,0.0000,0.0000,,3.3200,87.1612,87.2244,-0.4314,129.2294,129.2301
14:11:47,22.4232,0.0624,-1.4234,185.4561,3.1394,2.4826,,0.0000,0.0000,0.0000,,3.3178,86.1104,86.1743,-0.4451,129.6983,129.6990
14:11:47,22.4867,0.0635,-1.4210,185.5116,3.4296,2.4829,,0.0000,0.0000,0.0000,,3.3154,85.0548,85.1194,-0.4593,130.1720,130.1728
14:11:47,22.5523,0.0656,-1.4184,185.5720,3.7283,2.4847,,0.0000,0.0000,0.0000,,3.3127,83.9944,84.0597,-0.4741,130.6582,130.6591
14:11:47,22.6173,0.0651,-1.4155,185.6373,4.0166,2.4846,,0.0000,0.0000,0.0000,,3.3099,82.9291,82.9951,-0.4889,131.1352,131.1361
14:11:47,22.6819,0.0646,-1.4114,185.7318,4.4000,2.4846,,0.0000,0.0000,0.0000,,3.3058,81.5012,81.5682,-0.5049,131.5779,131.5789
14:11:47,22.7499,0.0680,-1.4081,185.8082,4.6860,2.4846,,0.0000,0.0000,0.0000,,3.3025,80.4247,80.4925,-0.5208,132.0685,132.0695
14:11:47,22.8140,0.0641,-1.4046,185.8894,4.9716,2.4846,,0.0000,0.0000,0.0000,,3.2989,79.3435,79.4120,-0.5362,132.5214,132.5225
14:11:47,22.8768,0.0627,-1.4009,185.9754,5.2569,2.4846,,0.0000,0.0000,0.0000,,3.2952,78.2575,78.3268,-0.5515,132.9580,132.9591
14:11:48,22.9419,0.0652,-1.3956,186.0974,5.6367,2.4846,,0.0000,0.0000,0.0000,,3.2899,76.8022,76.8726,-0.5688,133.3788,133.3800
14:11:48,23.0062,0.0643,-1.3914,186.1944,5.9211,2.4846,,0.0000,0.0000,0.0000,,3.2857,75.7051,75.7764,-0.5849,133.8176,133.8189
14:11:48,23.0733,0.0671,-1.3869,186.2961,6.2051,2.4846,,0.0000,0.0000,0.0000,,3.2813,74.6033,74.6755,-0.6018,134.2751,134.2765
14:11:48,23.1375,0.0642,-1.3823,186.4026,6.4885,2.4846,,0.0000,0.0000,0.0000,,3.2767,73.4968,73.5699,-0.6182,134.7028,134.7043
14:11:48,23.2017,0.0642,-1.3758,186.5519,6.8657,2.4846,,0.0000,0.0000,0.0000,,3.2702,72.0142,72.0884,-0.6365,135.0882,135.0897
14:11:48,23.2662,0.0645,-1.3707,186.6693,7.1480,2.4846,,0.0000,0.0000,0.0000,,3.2651,70.8967,70.9718,-0.6536,135.5088,135.5104
14:11:48,23.3303,0.0640,-1.3654,186.7915,7.4297,2.4846,,0.0000,0.0000,0.0000,,3.2598,69.7745,69.8506,-0.6707,135.9196,135.9213
14:11:48,23.4025,0.0723,-1.3581,186.9617,7.8046,2.4846,,0.0000,0.0000,0.0000,,3.2524,68.2710,68.3484,-0.6914,136.3520,136.3537
14:11:48,23.4649,0.0624,-1.3523,187.0947,8.0850,2.4846,,0.0000,0.0000,0.0000,,3.2466,67.1379,67.2163,-0.7087,136.7385,136.7403
14:11:48,23.5282,0.0633,-1.3463,187.2325,8.3650,2.4846,,0.0000,0.0000,0.0000,,3.2407,66.0001,66.0796,-0.7264,137.1282,137.1301
14:11:48,23.5916,0.0634,-1.3401,187.3749,8.6444,2.4846,,0.0000,0.0000,0.0000,,3.2345,64.8577,64.9383,-0.7443,137.5143,137.5163
14:11:48,23.6561,0.0646,-1.3338,187.5219,8.9232,2.4846,,0.0000,0.0000,0.0000,,3.2281,63.7106,63.7924,-0.7626,137.9049,137.9070
14:11:48,23.7196,0.0634,-1.3272,187.6736,9.2016,2.4846,,0.0000,0.0000,0.0000,,3.2215,62.5590,62.6419,-0.7809,138.2812,138.2834
14:11:48,23.7860,0.0665,-1.3181,187.8830,9.5718,2.4846,,0.0000,0.0000,0.0000,,3.2124,61.0162,61.1007,-0.8022,138.6263,138.6286
14:11:48,23.8501,0.0641,-1.3110,188.0454,9.8489,2.4846,,0.0000,0.0000,0.0000,,3.2054,59.8538,59.9396,-0.8211,138.9977,139.0001
14:11:48,23.9189,0.0688,-1.3037,188.2153,10.3917,2.4846,,1.0000,0.0000,0.0000,,3.1980,58.6839,58.7710,-0.8412,139.4012,139.4037
14:11:49,23.9878,0.0689,-1.2932,188.4566,11.1503,2.4846,,1.0000,0.0000,0.0000,,3.1875,57.1094,57.1983,-0.8644,139.7340,139.7367
14:11:49,24.0538,0.0659,-1.2849,188.6485,11.7180,2.4846,,1.0000,0.0000,0.0000,,3.1792,55.9174,56.0077,-0.8849,140.0912,140.0940
14:11:49,24.1190,0.0652,-1.2761,188.8499,12.2845,2.4846,,1.0000,0.0000,0.0000,,3.1705,54.7161,54.8078,-0.9056,140.4321,140.4350
14:11:49,24.1977,0.0787,-1.2638,189.1331,13.0383,2.4846,,1.0000,0.0000,0.0000,,3.1582,53.0995,53.1934,-0.9325,140.8051,140.8081
14:11:49,24.2683,0.0706,-1.2314,189.4151,12.5793,3.4069,,1.0000,1.0000,0.0000,,3.0866,51.4862,51.5787,-0.6106,141.1149,141.1162
14:11:49,24.3377,0.0695,-1.1871,189.6160,12.2327,4.9031,,1.0000,1.0000,0.0000,,2.9789,50.2900,50.3782,-0.7312,141.4874,141.4893
14:11:49,24.4017,0.0639,-1.0996,189.8678,11.8861,7.8744,,1.0000,1.0000,0.0000,,3.1711,48.6886,48.7918,-0.9569,141.7599,141.7631
14:11:49,24.4650,0.0633,-1.0315,190.0586,12.2896,9.7588,,1.0000,0.0000,0.0000,,3.0226,47.4968,47.5929,-1.1169,142.0969,142.1013
14:11:49,24.5251,0.0601,-0.9759,190.2610,12.7688,10.7131,,1.0000,0.0000,0.0000,,2.9262,46.2949,46.3873,-1.2243,142.3950,142.4002
14:11:49,24.5859,0.0608,-0.9297,190.4693,12.7929,11.0497,,0.0000,0.0000,0.0000,,2.8656,45.0869,45.1779,-1.3009,142.6942,142.7001
14:11:49,24.6455,0.0595,-0.8868,190.6779,12.7675,11.1706,,0.0000,0.0000,0.0000,,2.8175,43.8786,43.9689,-1.3575,142.9765,142.9829
14:11:49,24.7057,0.0602,-0.8449,190.8862,12.7434,11.2172,,0.0000,0.0000,0.0000,,2.7736,42.6703,42.7603,-1.3966,143.2597,143.2665
14:11:49,24.7665,0.0609,-0.8034,191.0943,12.7195,11.2357,,0.0000,0.0000,0.0000,,2.7313,41.4623,41.5521,-1.4246,143.5497,143.5568
14:11:49,24.8271,0.0606,-0.7620,191.3019,12.6956,11.2431,,0.0000,0.0000,0.0000,,2.6896,40.2547,40.3444,-1.4481,143.8454,143.8527
14:11:49,24.8886,0.0615,-0.7208,191.5092,12.6719,11.2460,,0.0000,0.0000,0.0000,,2.6483,39.0474,39.1371,-1.4746,144.1450,144.1526
14:11:50,24.9522,0.0636,-0.6797,191.7160,12.6481,11.2472,,0.0000,0.0000,0.0000,,2.6071,37.8406,37.9303,-1.4999,144.4593,144.4671
14:11:50,25.0148,0.0626,-0.6464,191.9168,11.9554,10.9432,,0.0000,-1.0000,0.0000,,2.5869,36.6394,36.7306,-1.5174,144.7739,144.7818
14:11:50,25.0793,0.0645,-0.6133,192.1113,11.8303,10.7388,,0.0000,0.0000,0.0000,,2.5625,35.4447,35.5372,-1.5499,145.1162,145.1245
14:11:50,25.1542,0.0749,-0.5661,192.3695,11.8000,10.6562,,0.0000,0.0000,0.0000,,2.5188,33.8532,33.9467,-1.6031,145.4814,145.4902
14:11:50,25.2183,0.0641,-0.5301,192.5626,11.7778,10.6373,,0.0000,0.0000,0.0000,,2.4836,32.6601,32.7544,-1.6465,145.8232,145.8325
14:11:50,25.2814,0.0631,-0.4820,192.8195,11.7484,10.6290,,0.0000,0.0000,0.0000,,2.4359,31.0699,31.1652,-1.7045,146.0924,146.1024
14:11:50,25.3463,0.0648,-0.4460,193.0117,11.7264,10.6270,,0.0000,0.0000,0.0000,,2.3999,29.8777,29.9739,-1.7526,146.4399,146.4503
14:11:50,25.4119,0.0657,-0.4100,193.2035,11.7044,10.6263,,0.0000,0.0000,0.0000,,2.3640,28.6859,28.7831,-1.8017,146.7950,146.8060
14:11:50,25.4760,0.0641,-0.3741,193.3950,11.6825,10.6260,,0.0000,0.0000,0.0000,,2.3281,27.4944,27.5928,-1.8507,147.1381,147.1497
14:11:50,25.5408,0.0648,-0.3263,193.6498,11.6533,10.6259,,0.0000,0.0000,0.0000,,2.2803,25.9063,26.0065,-1.9117,147.4225,147.4348
14:11:50,25.6064,0.0656,-0.2905,193.8404,11.6314,10.6258,,0.0000,0.0000,0.0000,,2.2445,24.7157,24.8174,-1.9662,147.7780,147.7911
14:11:50,25.6710,0.0647,-0.2548,194.0307,11.6096,10.6258,,0.0000,0.0000,0.0000,,2.2088,23.5254,23.6289,-2.0046,148.1185,148.1321
14:11:50,25.7366,0.0656,-0.2268,194.2148,10.9162,10.3285,,0.0000,-1.0000,0.0000,,2.1935,22.3412,22.4486,-2.0286,148.4796,148.4934
14:11:50,25.8008,0.0642,-0.2054,194.4425,9.9314,9.4372,,0.0000,-1.0000,0.0000,,2.2100,20.7799,20.8971,-2.0205,148.7859,148.7996
14:11:50,25.8663,0.0654,-0.2040,194.6020,9.4013,8.3055,,0.0000,-1.0000,0.0000,,1.8519,19.6543,19.7414,-1.9823,149.1725,149.1857
14:11:51,25.9303,0.0640,-0.1962,194.7596,9.5406,7.6393,,0.0000,0.0000,0.0000,,1.8722,18.4928,18.5873,-1.9700,149.5480,149.5610
14:11:51,25.9957,0.0655,-0.1787,194.9206,9.8064,7.4642,,0.0000,0.0000,0.0000,,1.8621,17.3309,17.4306,-1.9886,149.9318,149.9450
14:11:51,26.0594,0.0637,-0.1583,195.0858,10.0822,7.4125,,0.0000,0.0000,0.0000,,1.8439,16.1654,16.2702,-2.0153,150.2967,150.3102
14:11:51,26.1226,0.0632,-0.1298,195.3083,10.0826,7.3931,,0.0000,0.0000,0.0000,,1.8162,14.6095,14.7220,-2.0513,150.6005,150.6145
14:11:51,26.1872,0.0647,-0.1083,195.4747,10.0637,7.3892,,0.0000,0.0000,0.0000,,1.7949,13.4431,13.5624,-2.0813,150.9722,150.9865
14:11:51,26.2520,0.0647,-0.0868,195.6408,10.0448,7.3878,,0.0000,0.0000,0.0000,,1.5827,12.3015,12.4029,-2.1115,151.3447,151.3594
14:11:51,26.3154,0.0634,-0.0653,195.8067,10.0260,7.3874,,0.0000,0.0000,0.0000,,1.4067,11.1556,11.2439,-2.1416,151.7056,151.7207
14:11:51,26.3815,0.0662,-0.0367,196.0273,10.0010,7.3872,,0.0000,0.0000,0.0000,,1.3781,9.6016,9.7000,-2.1792,152.0359,152.0515
14:11:51,26.4554,0.0739,-0.0236,196.1868,9.4037,7.0395,,0.0000,-1.0000,0.0000,,1.3797,8.4403,8.5523,-2.1877,152.4921,152.5078
14:11:51,26.5270,0.0716,-0.0272,196.3855,8.6922,5.7826,,0.0000,-1.0000,0.0000,,1.1589,6.9487,7.0447,-2.1405,152.8918,152.9068
14:11:51,26.5928,0.0658,-0.0470,196.5235,8.2084,4.2623,,0.0000,-1.0000,0.0000,,1.1141,5.8155,5.9213,-2.0654,153.3060,153.3199
14:11:51,26.6569,0.0641,-0.0828,196.6502,7.7733,2.2285,,0.0000,-1.0000,0.0000,,1.2345,4.6694,4.8299,-2.3588,153.7132,153.7313
14:11:51,26.7252,0.0683,-0.1537,196.8033,7.5456,-1.0627,,0.0000,-1.0000,0.0000,,1.1663,3.2288,3.4330,-2.1579,154.1269,154.1420
14:11:51,26.7880,0.0628,-0.2045,196.9187,7.5556,-3.1235,,0.0000,0.0000,0.0000,,1.1634,2.1597,2.4531,-2.0284,154.5238,154.5371
14:11:51,26.8492,0.0612,-0.2406,197.0396,7.5930,-4.3621,,0.0000,0.0000,0.0000,,0.7902,1.2662,1.4926,-1.9483,154.9030,154.9153
14:11:51,26.9133,0.0641,-0.2794,197.1547,7.1299,-5.6857,,0.0000,-1.0000,0.0000,,0.7568,0.2655,0.8020,-2.2779,155.2986,155.3153
14:11:52,26.9786,0.0653,-0.3314,197.2560,6.7219,-7.5436,,0.0000,-1.0000,0.0000,,0.6202,0.1009,0.6284,-2.1477,155.7271,155.7419
14:11:52,27.0442,0.0656,-0.4186,197.3741,6.5847,-10.5302,,0.0000,-1.0000,0.0000,,0.4856,0.0754,0.4915,-1.9240,156.1454,156.1573
14:11:52,27.1091,0.0649,-0.4933,197.4547,6.6096,-12.9597,,0.0000,-1.0000,0.0000,,0.4501,0.0896,0.4589,-1.7520,156.6086,156.6184
14:11:52,27.1747,0.0655,-0.5621,197.5400,6.5500,-14.9511,,0.0000,0.0000,0.0000,,2.8734,95.1185,95.1619,-1.6074,157.0745,157.0827
14:11:52,27.2406,0.0660,-0.6325,197.6672,6.5812,-16.3852,,0.0000,0.0000,0.0000,,3.0047,93.6645,93.7127,-1.4860,157.5037,157.5107
14:11:52,27.3071,0.0664,-0.6699,197.7727,6.8080,-16.6122,,0.0000,0.0000,0.0000,,3.0517,92.5600,92.6103,-1.4493,157.9523,157.9589
14:11:52,27.3717,0.0646,-0.7045,197.8840,7.0882,-16.6548,,0.0000,0.0000,0.0000,,3.0881,91.4489,91.5011,-1.4189,158.3787,158.3851
14:11:52,27.4354,0.0637,-0.7396,198.0001,7.3699,-16.6647,,0.0000,0.0000,0.0000,,3.1236,90.3329,90.3869,-1.4039,158.7931,158.7993
14:11:52,27.5005,0.0651,-0.7882,198.1620,7.7449,-16.6675,,0.0000,0.0000,0.0000,,3.1723,88.8377,88.8943,-1.3567,159.1557,159.1615
14:11:52,27.5659,0.0654,-0.8261,198.2886,8.0255,-16.6680,,0.0000,0.0000,0.0000,,3.2102,87.7110,87.7697,-1.2981,159.5506,159.5559
14:11:52,27.6315,0.0656,-0.8654,198.4197,8.3056,-16.6681,,0.0000,0.0000,0.0000,,3.2495,86.5799,86.6408,-1.2244,159.9583,159.9630
14:11:52,27.6970,0.0656,-0.9068,198.5580,8.8547,-16.6681,,1.0000,0.0000,0.0000,,3.2909,85.4415,85.5049,-1.1547,160.3524,160.3566
14:11:52,27.7600,0.0629,-0.9509,198.7055,9.4268,-16.6681,,1.0000,0.0000,0.0000,,3.3350,84.2940,84.3600,-1.0917,160.7086,160.7124
14:11:52,27.8231,0.0631,-1.0141,198.9163,10.1879,-16.6682,,1.0000,0.0000,0.0000,,3.3982,82.7499,82.8196,-1.0369,161.0212,161.0245
14:11:52,27.8873,0.0642,-1.0646,199.0850,10.7574,-16.6682,,1.0000,0.0000,0.0000,,3.4487,81.5811,81.6540,-0.9982,161.3868,161.3899
14:11:53,27.9524,0.0651,-1.1178,199.2628,11.3259,-16.6682,,1.0000,0.0000,0.0000,,3.5019,80.4033,80.4795,-0.9531,161.7480,161.7509
14:11:53,28.0171,0.0646,-1.1738,199.4497,11.8932,-16.6682,,1.0000,0.0000,0.0000,,3.5579,79.2164,79.2962,-0.8939,162.0941,162.0966
14:11:53,28.0817,0.0647,-1.2526,199.7129,12.6479,-16.6682,,1.0000,0.0000,0.0000,,3.6367,77.6198,77.7049,-0.8023,162.3654,162.3674
14:11:53,28.1486,0.0669,-1.3002,199.9149,12.3231,-16.0987,,1.0000,1.0000,0.0000,,3.6602,76.4149,76.5025,-0.7774,162.7076,162.7095
14:11:53,28.2129,0.0643,-1.3291,200.1140,11.9532,-14.8256,,1.0000,1.0000,0.0000,,3.6350,75.2103,75.2981,-0.8027,163.0289,163.0309
14:11:53,28.2815,0.0686,-1.3361,200.3739,11.5842,-12.1272,,1.0000,1.0000,0.0000,,3.5272,73.6093,73.6937,-0.9115,163.3234,163.3260
14:11:53,28.3478,0.0663,-1.3405,200.5713,11.9832,-10.4359,,1.0000,0.0000,0.0000,,3.4595,72.4098,72.4924,-0.9807,163.6666,163.6696
14:11:53,28.4120,0.0642,-1.3607,200.7753,12.4779,-9.6464,,1.0000,0.0000,0.0000,,3.4460,71.2055,71.2889,-0.9960,163.9880,163.9910
14:11:53,28.4757,0.0637,-1.3913,200.9872,13.0322,-9.3788,,1.0000,0.0000,0.0000,,3.4651,69.9936,70.0793,-0.9791,164.2975,164.3004
14:11:53,28.5403,0.0646,-1.4380,201.2836,13.7830,-9.2614,,1.0000,0.0000,0.0000,,3.5068,68.3639,68.4538,-0.9401,164.5294,164.5321
14:11:53,28.6067,0.0664,-1.4756,201.5165,14.3455,-9.2308,,1.0000,0.0000,0.0000,,3.5430,67.1309,67.2244,-0.9069,164.8394,164.8419
14:11:53,28.6740,0.0673,-1.5148,201.7587,14.9070,-9.2175,,1.0000,0.0000,0.0000,,3.5816,65.8887,65.9860,-0.8717,165.1477,165.1500
14:11:53,28.7465,0.0725,-1.5694,202.0960,15.6540,-9.2103,,1.0000,0.0000,0.0000,,3.6360,64.2181,64.3210,-0.8216,165.4041,165.4062
14:11:53,28.8188,0.0723,-1.6122,202.3596,16.2129,-9.2082,,1.0000,0.0000,0.0000,,3.6787,62.9544,63.0618,-0.7899,165.7321,165.7339
14:11:53,28.8879,0.0692,-1.6715,202.7255,16.9565,-9.2070,,1.0000,0.0000,0.0000,,3.7379,61.2552,61.3691,-0.7250,165.9350,165.9366
14:11:54,28.9545,0.0666,-1.7177,203.0106,17.5128,-9.2066,,1.0000,0.0000,0.0000,,3.7841,59.9701,60.0894,-0.6760,166.1871,166.1884
14:11:54,29.0199,0.0654,-1.7512,203.2973,17.1909,-8.6100,,1.0000,1.0000,0.0000,,3.7922,58.6836,58.8060,-0.6581,166.4175,166.4188
14:11:54,29.0811,0.0612,-1.7665,203.6711,16.6436,-6.7202,,1.0000,1.0000,0.0000,,3.7270,56.9793,57.1010,-0.7123,166.5311,166.5327
14:11:54,29.1444,0.0633,-1.7783,203.9519,17.0376,-5.6437,,1.0000,0.0000,0.0000,,3.6928,55.7012,55.8235,-0.7339,166.7547,166.7564
14:11:54,29.2075,0.0631,-1.7994,204.2411,17.5840,-5.1848,,1.0000,0.0000,0.0000,,3.6944,54.4134,54.5387,-0.7237,166.9660,166.9675
14:11:54,29.2715,0.0640,-1.8240,204.5394,18.1382,-4.9759,,1.0000,0.0000,0.0000,,3.7101,53.1159,53.2453,-0.6924,167.1886,167.1900
14:11:54,29.3357,0.0642,-1.8501,204.8470,18.7674,-4.8824,,1.0000,0.0000,0.0000,,3.7322,51.8085,51.9428,-0.6541,167.4025,167.4037
14:11:54,29.3993,0.0636,-1.8770,205.1625,19.0315,-4.8365,,1.0000,0.0000,0.0000,,3.7571,50.4932,50.6328,-0.6137,167.6025,167.6036
14:11:54,29.4654,0.0661,-1.9141,205.5998,19.7949,-4.8070,,1.0000,0.0000,0.0000,,3.7930,48.7226,48.8700,-0.5627,167.7014,167.7023
14:11:54,29.5307,0.0654,-1.9427,205.9389,20.8397,-4.8135,,1.0000,0.0000,0.0000,,3.8219,47.3834,47.5373,-0.5212,167.8923,167.8931
14:11:54,29.5957,0.0650,-1.9719,206.2843,20.7697,-4.7942,,1.0000,0.0000,0.0000,,3.4449,46.0695,46.1981,-0.4811,168.0831,168.0838
14:11:54,29.6599,0.0642,-2.0020,206.6419,21.9293,-4.7829,,1.0000,0.0000,0.0000,,3.4745,44.7120,44.8468,-0.4378,168.2284,168.2290
14:11:54,29.7238,0.0639,-2.0430,207.1312,22.6655,-4.7880,,1.0000,0.0000,0.0000,,3.5158,42.8893,43.0332,-0.3902,168.2390,168.2395
14:11:54,29.7904,0.0667,-2.0746,207.5073,22.6351,-4.7902,,1.0000,0.0000,0.0000,,3.5474,41.5132,41.6645,-0.3372,168.3977,168.3981
14:11:54,29.8556,0.0652,-2.0929,207.8852,22.7930,-4.1569,,1.0000,1.0000,0.0000,,3.5388,40.1377,40.2934,-0.3283,168.5549,168.5553
14:11:54,29.9201,0.0644,-2.0870,208.3790,22.2419,-2.1651,,1.0000,1.0000,0.0000,,3.4486,38.3202,38.4751,0.0025,168.5876,168.5876
14:11:55,29.9892,0.0692,-2.0797,208.7458,22.1878,-0.9541,,1.0000,0.0000,0.0000,,3.3901,36.9607,37.1159,-0.0298,168.7782,168.7782
14:11:55,30.0539,0.0646,-2.0790,209.1257,23.1525,-0.3554,,1.0000,0.0000,0.0000,,3.3641,35.5849,35.7435,-0.0430,168.9344,168.9344
14:11:55,30.1172,0.0634,-2.0799,209.5119,23.1639,-0.0579,,1.0000,0.0000,0.0000,,3.3524,34.2007,34.3646,-0.0373,169.0639,169.0639
14:11:55,30.1817,0.0645,-2.0807,210.0427,23.8688,0.1331,,1.0000,0.0000,0.0000,,3.3452,32.3380,32.5105,-0.0201,169.0481,169.0481
14:11:55,30.2475,0.0657,-2.0805,210.4528,24.9739,0.2033,,1.0000,0.0000,0.0000,,3.3421,30.9284,31.1084,-0.0125,169.1653,169.1653
14:11:55,30.3139,0.0664,-2.0799,210.8686,24.9350,0.2427,,1.0000,0.0000,0.0000,,3.3398,29.5129,29.7013,0.0070,169.2848,169.2848
14:11:55,30.3787,0.0649,-2.0787,211.2964,26.0345,0.2651,,1.0000,0.0000,0.0000,,3.3377,28.0853,28.2829,0.0202,169.3801,169.3801
14:11:55,30.4463,0.0676,-2.0766,211.8785,26.7388,0.2811,,1.0000,0.0000,0.0000,,3.3349,26.1700,26.3816,0.0276,169.3319,169.3319
14:11:55,30.5123,0.0660,-2.0748,212.3240,26.7240,0.2875,,1.0000,0.0000,0.0000,,3.3328,24.7246,24.9482,0.0337,169.4021,169.4021
14:11:55,30.5781,0.0658,-2.0727,212.7813,27.7949,0.2912,,1.0000,0.0000,0.0000,,3.3306,23.2673,23.5045,0.0331,169.4461,169.4461
14:11:55,30.6443,0.0662,-2.0698,213.4030,28.4978,0.2940,,1.0000,0.0000,0.0000,,3.3275,21.3124,21.5706,0.0405,169.3256,169.3256
14:11:55,30.7111,0.0668,-2.0675,213.8782,28.5256,0.2952,,1.0000,0.0000,0.0000,,3.3252,19.8372,20.1139,0.0393,169.3561,169.3561
14:11:55,30.7762,0.0652,-2.0650,214.3650,29.5494,0.2959,,1.0000,0.0000,0.0000,,3.3227,18.3503,18.6487,0.0527,169.3796,169.3796
14:11:55,30.8430,0.0668,-2.0617,215.0261,30.2484,0.2964,,1.0000,0.0000,0.0000,,3.3193,16.3560,16.6894,0.0494,169.2321,169.2321
14:11:55,30.9101,0.0670,-2.0591,215.5310,30.3196,0.2966,,1.0000,0.0000,0.0000,,3.3167,14.8511,15.2170,0.0542,169.2453,169.2453
14:11:56,30.9802,0.0701,-2.0334,216.2035,29.8901,1.3332,,1.0000,1.0000,0.0000,,3.2476,12.8533,13.2573,-0.0027,169.1141,169.1141
14:11:56,31.0532,0.0730,-2.0095,216.7061,30.6094,2.1295,,1.0000,0.0000,0.0000,,3.1904,11.3575,11.7971,-0.0740,169.1857,169.1857
14:11:56,31.1208,0.0677,-1.9799,217.3902,31.3000,2.7003,,1.0000,0.0000,0.0000,,3.1369,9.3451,9.8576,-0.1591,169.0471,169.0472
14:11:56,31.1877,0.0668,-1.9566,217.9124,31.3989,2.9371,,1.0000,0.0000,0.0000,,3.1037,7.8252,8.4182,-0.2248,169.0459,169.0461
14:11:56,31.2547,0.0670,-1.9315,218.4456,32.3385,3.0821,,1.0000,0.0000,0.0000,,3.0726,6.2933,7.0033,-0.2912,169.0253,169.0255
14:11:56,31.3255,0.0708,-1.9134,219.1505,31.6017,2.4106,,0.0000,-1.0000,0.0000,,2.7908,4.3883,5.2005,-0.3160,168.8472,168.8475
14:11:56,31.3974,0.0719,-1.9024,219.6658,30.8015,1.8639,,0.0000,0.0000,0.0000,,2.4676,3.0909,3.9551,-0.3796,168.8734,168.8738
14:11:56,31.4573,0.0599,-1.8892,220.1804,30.9582,1.5391,,0.0000,0.0000,0.0000,,2.2899,1.7123,2.8593,-0.4748,168.8222,168.8228
14:11:56,31.5177,0.0604,-1.8759,220.6926,30.6090,1.3432,,0.0000,0.0000,0.0000,,2.1726,0.3931,2.2079,-0.6049,168.7832,168.7843
14:11:56,31.5814,0.0637,-1.8588,221.3751,30.4928,1.1933,,0.0000,0.0000,0.0000,,1.9161,-0.0203,1.9162,-0.6154,168.0997,168.1008
14:11:56,31.6449,0.0635,-1.8468,221.8871,30.8568,1.1298,,0.0000,0.0000,0.0000,,1.7280,-0.0670,1.7293,-0.6297,167.5885,167.5897
14:11:56,31.7079,0.0630,-1.8356,222.3957,30.3458,1.0912,,0.0000,0.0000,0.0000,,3.7892,94.6244,94.7003,-0.6424,167.1115,167.1128
14:11:56,31.7719,0.0640,-1.8248,222.9059,30.7622,1.0669,,0.0000,0.0000,0.0000,,3.7795,93.1142,93.1909,-0.6543,166.6658,166.6670
14:11:56,31.8360,0.0641,-1.8146,223.4124,30.2011,1.0523,,0.0000,0.0000,0.0000,,3.7698,91.6077,91.6852,-0.6651,166.2560,166.2573
14:11:56,31.9025,0.0666,-1.8013,224.0964,30.8548,1.0407,,1.0000,0.0000,0.0000,,3.7570,89.5902,89.6690,-0.6782,165.7075,165.7089
14:11:57,31.9670,0.0644,-1.7913,224.6210,31.7948,1.0358,,1.0000,0.0000,0.0000,,3.7473,88.0656,88.1453,-0.6872,165.3487,165.3501
14:11:57,32.0340,0.0670,-1.7814,225.1521,31.9128,1.0327,,1.0000,0.0000,0.0000,,3.7375,86.5345,86.6152,-0.6951,165.0242,165.0256
14:11:57,32.1004,0.0664,-1.7682,225.8669,31.8668,1.0302,,0.0000,0.0000,0.0000,,3.7244,84.4863,84.5684,-0.7053,164.5492,164.5507
14:11:57,32.1637,0.0634,-1.7584,226.4033,32.3408,1.0292,,0.0000,0.0000,0.0000,,3.7147,82.9499,83.0330,-0.7113,164.2753,164.2769
14:11:57,32.2294,0.0657,-1.7488,226.9358,31.7668,1.0285,,0.0000,0.0000,0.0000,,3.7050,81.4174,81.5016,-0.7161,164.0489,164.0504
14:11:57,32.2946,0.0652,-1.7391,227.4701,32.2059,1.0280,,0.0000,0.0000,0.0000,,3.6954,79.8830,79.9685,-0.7197,163.8530,163.8545
14:11:57,32.3610,0.0664,-1.7263,228.1790,32.1199,1.0277,,0.0000,0.0000,0.0000,,3.6826,77.8407,77.9278,-0.7231,163.5229,163.5245
14:11:57,32.4266,0.0656,-1.7168,228.7082,31.5783,1.0275,,0.0000,0.0000,0.0000,,3.6731,76.3115,76.3998,-0.7238,163.4017,163.4034
14:11:57,32.4905,0.0639,-1.7072,229.2391,31.9950,1.0274,,0.0000,0.0000,0.0000,,3.3081,74.7970,74.8701,-0.7214,163.3033,163.3049
14:11:57,32.5562,0.0657,-1.6978,229.7663,31.4587,1.0274,,0.0000,0.0000,0.0000,,3.2986,73.2697,73.3439,-0.7148,163.2536,163.2552
14:11:57,32.6204,0.0642,-1.6851,230.4694,31.3772,1.0273,,0.0000,0.0000,0.0000,,3.2860,71.2332,71.3090,-0.7003,163.0489,163.0504
14:11:57,32.6852,0.0648,-1.6757,230.9969,31.7948,1.0273,,0.0000,0.0000,0.0000,,3.2766,69.7057,69.7827,-0.6824,163.0532,163.0546
14:11:57,32.7492,0.0641,-1.6663,231.5207,31.2529,1.0273,,0.0000,0.0000,0.0000,,3.2672,68.1818,68.2601,-0.6640,163.0573,163.0587
14:11:57,32.8142,0.0650,-1.6569,232.0462,31.6783,1.0273,,0.0000,0.0000,0.0000,,3.2577,66.6563,66.7359,-0.6399,163.0650,163.0663
14:11:57,32.8800,0.0658,-1.6475,232.5680,31.1264,1.0273,,0.0000,0.0000,0.0000,,3.2484,65.1345,65.2154,-0.6315,163.0811,163.0824
14:11:58,32.9470,0.0670,-1.6350,233.2639,31.0408,1.0273,,0.0000,0.0000,0.0000,,3.2359,63.1052,63.1881,-0.6260,162.9334,162.9346
14:11:58,33.0133,0.0663,-1.6256,233.7862,31.4899,1.0273,,0.0000,0.0000,0.0000,,3.2265,61.5829,61.6674,-0.6176,162.9542,162.9554
14:11:58,33.0778,0.0645,-1.6164,234.3045,30.9102,1.0273,,0.0000,0.0000,0.0000,,3.2172,60.0646,60.1507,-0.6234,162.9727,162.9739
14:11:58,33.1428,0.0650,-1.6040,234.9960,30.8217,1.0272,,0.0000,0.0000,0.0000,,3.2048,58.0397,58.1281,-0.6324,162.8213,162.8225
14:11:58,33.2083,0.0655,-1.5946,235.5149,31.3087,1.0272,,0.0000,0.0000,0.0000,,3.1955,56.5207,56.6110,-0.6383,162.8471,162.8483
14:11:58,33.2772,0.0689,-1.5854,236.0298,30.6872,1.0272,,0.0000,0.0000,0.0000,,3.1863,55.0058,55.0980,-0.6454,162.9055,162.9068
14:11:58,33.3492,0.0720,-1.5729,236.7254,31.3679,1.0272,,1.0000,0.0000,0.0000,,3.1738,52.9769,53.0719,-0.6584,162.8097,162.8110
14:11:58,33.4200,0.0708,-1.5602,237.4367,32.0763,1.0272,,1.0000,0.0000,0.0000,,3.1611,50.9322,51.0302,-0.6726,162.6875,162.6889
14:11:58,33.4977,0.0777,-1.5504,237.9814,32.9921,1.0272,,1.0000,0.0000,0.0000,,3.1513,49.3875,49.4879,-0.6844,162.7898,162.7912
14:11:58,33.5640,0.0664,-1.5373,238.7117,32.9779,1.0272,,0.0000,0.0000,0.0000,,3.1382,47.3238,47.4277,-0.6993,162.6111,162.6126
14:11:58,33.6305,0.0664,-1.5275,239.2574,32.6040,1.0272,,0.0000,0.0000,0.0000,,3.1284,45.7781,45.8849,-0.7110,162.6190,162.6205
14:11:58,33.6912,0.0607,-1.5177,239.8038,32.8927,1.0272,,0.0000,0.0000,0.0000,,3.1186,44.2316,44.3415,-0.7205,162.5779,162.5795
14:11:58,33.7546,0.0634,-1.5080,240.3472,32.4614,1.0272,,0.0000,0.0000,0.0000,,3.1089,42.6882,42.8013,-0.7397,162.5598,162.5615
14:11:58,33.8190,0.0644,-1.4982,240.8916,32.7772,1.0272,,0.0000,0.0000,0.0000,,3.0991,41.1438,41.2603,-0.7435,162.5346,162.5363
14:11:58,33.8828,0.0638,-1.4853,241.6144,32.6978,1.0272,,0.0000,0.0000,0.0000,,3.0862,39.0875,39.2092,-0.7345,162.3193,162.3210
14:11:59,33.9516,0.0688,-1.4756,242.1543,32.2451,1.0272,,0.0000,0.0000,0.0000,,3.0765,37.5477,37.6735,-0.7061,162.3331,162.3347
14:11:59,34.0188,0.0672,-1.4659,242.6953,32.5781,1.0272,,0.0000,0.0000,0.0000,,3.0668,36.0066,36.1370,-0.6719,162.3457,162.3470
14:11:59,34.0825,0.0638,-1.4530,243.4136,32.4984,1.0272,,0.0000,0.0000,0.0000,,2.6448,33.9888,34.0916,-0.6488,162.1463,162.1476
14:11:59,34.1497,0.0671,-1.4434,243.9500,32.0328,1.0272,,0.0000,0.0000,0.0000,,2.6352,32.4524,32.5592,-0.6248,162.1496,162.1508
14:11:59,34.2161,0.0664,-1.4434,244.4819,31.7508,0.5791,,0.0000,-1.0000,0.0000,,2.6540,30.9170,31.0307,-0.5872,162.1544,162.1555
14:11:59,34.2819,0.0658,-1.4567,245.1685,30.6705,-0.4803,,0.0000,-1.0000,0.0000,,2.7118,28.8894,29.0164,-0.5324,162.0160,162.0168
14:11:59,34.3497,0.0678,-1.4678,245.6708,29.9001,-1.0683,,0.0000,0.0000,0.0000,,2.7477,27.3832,27.5207,-0.5000,162.0792,162.0800
14:11:59,34.4137,0.0640,-1.4782,246.1757,30.5045,-1.4114,,0.0000,0.0000,0.0000,,2.7726,25.8761,26.0242,-0.4785,162.1077,162.1084
14:11:59,34.4777,0.0640,-1.4892,246.6759,29.7749,-1.6204,,0.0000,0.0000,0.0000,,2.6356,24.3951,24.5371,-0.4621,162.1406,162.1413
14:11:59,34.5418,0.0641,-1.5057,247.3437,29.6925,-1.7748,,0.0000,0.0000,0.0000,,2.6586,22.3930,22.5503,-0.4430,162.0075,162.0081
14:11:59,34.6064,0.0646,-1.5194,247.8454,30.3164,-1.8384,,0.0000,0.0000,0.0000,,2.6750,20.8910,21.0616,-0.4334,162.0436,162.0442
14:11:59,34.6711,0.0647,-1.5337,248.3422,29.5701,-1.8775,,0.0000,0.0000,0.0000,,2.6910,19.3939,19.5797,-0.4253,162.0862,162.0868
14:11:59,34.7358,0.0647,-1.5488,248.8418,30.2033,-1.9010,,0.0000,0.0000,0.0000,,2.7071,17.8941,18.0978,-0.4176,162.1264,162.1270
14:11:59,34.8012,0.0654,-1.5696,249.5039,30.1279,-1.9189,,0.0000,0.0000,0.0000,,2.7286,15.8986,16.1310,-0.4047,162.0099,162.0104
14:11:59,34.8673,0.0661,-1.5857,250.0017,30.0141,-1.9265,,1.0000,0.0000,0.0000,,2.7450,14.4006,14.6599,-0.3972,162.0619,162.0624
14:12:00,34.9313,0.0640,-1.6024,250.5121,30.9614,-1.9311,,1.0000,0.0000,0.0000,,2.7619,12.8902,13.1828,-0.3888,162.0854,162.0858
14:12:00,34.9999,0.0686,-1.6195,251.0290,31.0612,-1.9339,,1.0000,0.0000,0.0000,,2.7791,11.3733,11.7079,-0.3808,162.1389,162.1393
14:12:00,35.0645,0.0646,-1.6430,251.7334,31.7739,-1.9362,,1.0000,0.0000,0.0000,,2.8027,9.3355,9.7472,-0.3659,161.9735,161.9739
14:12:00,35.1304,0.0660,-1.6611,252.2730,32.7015,-1.9372,,1.0000,0.0000,0.0000,,2.8209,7.7958,8.2905,-0.3567,161.9833,161.9837
14:12:00,35.1969,0.0665,-1.6794,252.8193,32.8448,-1.9378,,1.0000,0.0000,0.0000,,2.7329,6.2933,6.8611,-0.3472,161.9902,161.9905
14:12:00,35.2647,0.0678,-1.7042,253.5543,32.8186,-1.9383,,0.0000,0.0000,0.0000,,2.6667,4.2713,5.0354,-0.3315,161.8216,161.8219
14:12:00,35.3320,0.0673,-1.7228,254.1056,33.2200,-1.9385,,0.0000,0.0000,0.0000,,2.2826,2.9871,3.7594,-0.3220,161.8307,161.8310
14:12:00,35.3979,0.0659,-1.7413,254.6534,32.7304,-1.9387,,0.0000,0.0000,0.0000,,2.2665,1.4595,2.6958,-0.3175,161.8318,161.8321
14:12:00,35.4635,0.0656,-1.7660,255.3838,32.6583,-1.9388,,0.0000,0.0000,0.0000,,1.9750,0.2604,1.9921,-0.2909,161.6419,161.6422
14:12:00,35.5290,0.0655,-1.7845,255.9315,32.9863,-1.9389,,0.0000,0.0000,0.0000,,1.8489,0.0080,1.8489,-0.2673,161.6301,161.6303
14:12:00,35.5958,0.0668,-1.8030,256.4760,32.5387,-1.9389,,0.0000,0.0000,0.0000,,1.7434,0.0073,1.7434,-0.2375,161.6261,161.6263
14:12:00,35.6658,0.0700,-1.8275,257.2018,32.4554,-1.9389,,0.0000,0.0000,0.0000,,3.4997,93.6442,93.7095,-0.2054,161.4765,161.4767
14:12:00,35.7345,0.0686,-1.8459,257.7460,32.7793,-1.9389,,0.0000,0.0000,0.0000,,3.5181,92.1000,92.1671,-0.1735,161.5018,161.5019
14:12:00,35.7998,0.0654,-1.8643,258.2870,32.3287,-1.9389,,0.0000,0.0000,0.0000,,3.5365,90.5589,90.6279,-0.1399,161.5010,161.5011
14:12:00,35.8625,0.0626,-1.8887,259.0082,32.2439,-1.9389,,0.0000,0.0000,0.0000,,3.5609,88.5043,88.5759,-0.0968,161.2950,161.2951
14:12:01,35.9260,0.0636,-1.9070,259.5490,32.5782,-1.9390,,0.0000,0.0000,0.0000,,3.5792,86.9635,87.0371,-0.0688,161.2719,161.2719
14:12:01,35.9855,0.0595,-1.9252,260.0865,32.1168,-1.9390,,0.0000,0.0000,0.0000,,3.5974,85.4259,85.5017,-0.0416,161.2195,161.2195
14:12:01,36.0440,0.0585,-1.9434,260.6253,32.4584,-1.9390,,0.0000,0.0000,0.0000,,3.6156,83.8872,83.9650,-0.0149,161.1607,161.1607
14:12:01,36.1033,0.0593,-1.9615,261.1607,31.9899,-1.9390,,0.0000,0.0000,0.0000,,3.6337,82.3517,82.4318,0.0116,161.1096,161.1096
14:12:01,36.1653,0.0620,-1.9797,261.6975,32.3391,-1.9390,,0.0000,0.0000,0.0000,,3.6519,80.8149,80.8974,0.0383,161.0812,161.0812
14:12:01,36.2278,0.0625,-1.9978,262.2309,31.8633,-1.9390,,0.0000,0.0000,0.0000,,3.6700,79.2814,79.3663,0.0649,161.0584,161.0585
14:12:01,36.2910,0.0631,-2.0159,262.7656,32.2204,-1.9390,,0.0000,0.0000,0.0000,,3.6881,77.7467,77.8341,0.0914,161.0410,161.0411
14:12:01,36.3558,0.0648,-2.0339,263.2969,31.7368,-1.9390,,0.0000,0.0000,0.0000,,3.7061,76.2153,76.3054,0.1180,161.0399,161.0399
14:12:01,36.4187,0.0629,-2.0519,263.8297,32.1024,-1.9390,,0.0000,0.0000,0.0000,,3.7241,74.6826,74.7754,0.1442,161.0216,161.0217
14:12:01,36.4822,0.0635,-2.0758,264.5367,32.0241,-1.9390,,0.0000,0.0000,0.0000,,3.7480,72.6421,72.7388,0.1758,160.8344,160.8345
14:12:01,36.5483,0.0661,-2.0937,265.0647,31.5261,-1.9390,,0.0000,0.0000,0.0000,,3.7659,71.1142,71.2138,0.2011,160.8506,160.8507
14:12:01,36.6121,0.0638,-2.1116,265.5940,31.9073,-1.9390,,0.0000,0.0000,0.0000,,3.7838,69.5848,69.6876,0.2250,160.8476,160.8477
14:12:01,36.6732,0.0611,-2.1294,266.1199,31.3996,-1.9390,,0.0000,0.0000,0.0000,,3.6760,68.0649,68.1640,0.2570,160.8297,160.8298
14:12:01,36.7367,0.0635,-2.1473,266.6472,31.7915,-1.9390,,0.0000,0.0000,0.0000,,3.6938,66.5375,66.6399,0.2865,160.8278,160.8280
14:12:01,36.8001,0.0634,-2.1710,267.3471,31.7149,-1.9390,,0.0000,0.0000,0.0000,,3.7175,64.5042,64.6112,0.3226,160.6505,160.6508
14:12:01,36.8642,0.0641,-2.1887,267.8695,31.1874,-1.9390,,0.0000,0.0000,0.0000,,3.7352,62.9818,63.0924,0.3488,160.6516,160.6520
14:12:02,36.9276,0.0634,-2.2064,268.3936,31.6014,-1.9390,,0.0000,0.0000,0.0000,,3.7530,61.4577,61.5722,0.3741,160.6461,160.6466
14:12:02,36.9928,0.0652,-2.2240,268.9140,31.0586,-1.9390,,0.0000,0.0000,0.0000,,3.7706,59.9372,60.0557,0.3991,160.6599,160.6604
14:12:02,37.0571,0.0643,-2.2417,269.4361,31.4898,-1.9390,,0.0000,0.0000,0.0000,,3.7882,58.4151,58.5378,0.4230,160.6643,160.6649
14:12:02,37.1220,0.0649,-2.2651,270.1289,31.4167,-1.9390,,0.0000,0.0000,0.0000,,3.8117,56.3890,56.5176,0.4548,160.4992,160.4999
14:12:02,37.1865,0.0645,-2.2827,270.6458,30.8392,-1.9390,,0.0000,0.0000,0.0000,,3.8292,54.8720,55.0054,0.4787,160.5150,160.5157
14:12:02,37.2551,0.0686,-2.3002,271.1647,31.3094,-1.9390,,0.0000,0.0000,0.0000,,3.8468,53.3531,53.4916,0.5088,160.5649,160.5658
14:12:02,37.3221,0.0669,-2.3235,271.8530,31.2391,-1.9390,,0.0000,0.0000,0.0000,,3.8701,51.3314,51.4771,0.5363,160.4303,160.4312
14:12:02,37.3896,0.0676,-2.3333,272.3636,30.3521,-1.5852,,0.0000,1.0000,0.0000,,3.8649,49.8229,49.9725,0.5272,160.4680,160.4689
14:12:02,37.4548,0.0652,-2.3374,272.8645,29.9100,-1.0415,,0.0000,1.0000,0.0000,,3.8461,48.3253,48.4781,0.5094,160.4984,160.4992
14:12:02,37.5208,0.0660,-2.3435,273.5217,29.8777,-0.5688,,0.0000,0.0000,0.0000,,3.8322,46.3378,46.4960,0.5043,160.3840,160.3848
14:12:02,37.5867,0.0659,-2.3483,274.0113,29.1244,-0.3759,,0.0000,0.0000,0.0000,,3.8289,44.8494,45.0126,0.5372,160.4320,160.4329
14:12:02,37.6512,0.0645,-2.3526,274.5039,29.7767,-0.2611,,0.0000,0.0000,0.0000,,3.8283,43.3576,43.5263,0.5669,160.4542,160.4552
14:12:02,37.7160,0.0648,-2.3561,274.9916,29.0010,-0.1909,,0.0000,0.0000,0.0000,,3.8289,41.8704,42.0451,0.5690,160.4999,160.5009
14:12:02,37.7819,0.0659,-2.3597,275.6429,28.9218,-0.1389,,0.0000,0.0000,0.0000,,3.8303,39.8860,40.0695,0.5612,160.3975,160.3985
14:12:02,37.8483,0.0664,-2.3618,276.1324,29.5905,-0.1175,,0.0000,0.0000,0.0000,,3.8316,38.3967,38.5874,0.5531,160.4611,160.4620
14:12:02,37.9135,0.0652,-2.3636,276.6169,28.8041,-0.1044,,0.0000,0.0000,0.0000,,3.8327,36.9123,37.1107,0.5451,160.5198,160.5207
14:12:03,37.9876,0.0742,-2.3654,277.2640,28.7261,-0.0946,,0.0000,0.0000,0.0000,,3.8341,34.9318,35.1416,0.5360,160.4901,160.4910
14:12:03,38.0614,0.0737,-2.3669,277.9095,28.6483,-0.0895,,0.0000,0.0000,0.0000,,3.6523,32.9783,33.1800,0.5270,160.4586,160.4595
14:12:03,38.1289,0.0675,-2.3679,278.3945,29.3302,-0.0874,,0.0000,0.0000,0.0000,,3.6532,31.4933,31.7045,0.5158,160.5371,160.5379
14:12:03,38.1930,0.0640,-2.3688,278.8745,28.5320,-0.0861,,0.0000,0.0000,0.0000,,3.6540,30.0133,30.2349,0.5045,160.5910,160.5918
14:12:03,38.2590,0.0661,-2.3696,279.3576,29.2191,-0.0854,,0.0000,0.0000,0.0000,,3.6548,28.5301,28.7632,0.4848,160.6408,160.6415
14:12:03,38.3201,0.0611,-2.3706,279.9893,28.4250,-0.0847,,-1.0000,0.0000,0.0000,,3.6558,26.5650,26.8154,0.4914,160.5025,160.5033
14:12:03,38.3824,0.0623,-2.3714,280.4488,27.1373,-0.0845,,-1.0000,0.0000,0.0000,,3.6565,25.1056,25.3704,0.4978,160.5468,160.5476
14:12:03,38.4448,0.0624,-2.3721,280.9011,27.1426,-0.0844,,-1.0000,0.0000,0.0000,,3.6572,23.6532,23.9342,0.5107,160.5962,160.5970
14:12:03,38.5094,0.0646,-2.3727,281.3391,25.8505,-0.0843,,-1.0000,0.0000,0.0000,,3.6579,22.2151,22.5142,0.5239,160.6786,160.6794
14:12:03,38.5743,0.0649,-2.3734,281.7701,25.8672,-0.0842,,-1.0000,0.0000,0.0000,,3.6585,20.7841,21.1036,0.5367,160.7696,160.7705
14:12:03,38.6408,0.0665,-2.3780,282.3087,23.3048,-0.5257,,-1.0000,0.0000,0.0000,,3.6712,18.9185,19.2714,0.5705,160.7754,160.7764
14:12:03,38.7058,0.0650,-2.3850,282.6417,16.3421,-1.1657,,-1.0000,0.0000,0.0000,,3.7042,17.5808,17.9668,0.6147,160.9666,160.9678
14:12:03,38.7719,0.0661,-2.3804,282.7924,6.3452,-1.3952,,-1.0000,0.0000,0.0000,,3.7153,16.4269,16.8418,0.6329,161.3462,161.3474
14:12:03,38.8371,0.0652,-2.3800,282.8647,3.0085,-1.5211,,-1.0000,0.0000,0.0000,,3.7202,15.3540,15.7983,0.6537,161.7991,161.8004
14:12:03,38.9060,0.0689,-2.3792,282.8836,1.1588,-1.6664,,-1.0000,0.0000,0.0000,,3.7268,14.0017,14.4891,0.6772,162.3360,162.3374
14:12:04,38.9741,0.0682,-2.3766,282.8399,3.5592,-1.7456,,-1.0000,0.0000,0.0000,,3.7287,13.0447,13.5671,0.6959,162.9282,162.9297
14:12:04,39.0404,0.0662,-2.3712,282.7205,6.8214,-1.8995,,-1.0000,0.0000,0.0000,,3.5805,11.8665,12.3949,0.7145,163.5798,163.5814
14:12:04,39.1061,0.0658,-2.3657,282.5891,8.6304,-2.0131,,-1.0000,0.0000,0.0000,,3.5496,11.0053,11.5636,0.7302,164.2399,164.2415
14:12:04,39.1735,0.0673,-2.3593,282.4327,9.8178,-2.0927,,-1.0000,0.0000,0.0000,,3.5471,10.1596,10.7610,0.7434,164.9371,164.9388
14:12:04,39.2405,0.0670,-2.3503,282.2002,10.9472,-2.1274,,-1.0000,0.0000,0.0000,,3.5400,9.0564,9.7237,0.7516,165.7072,165.7090
14:12:04,39.3077,0.0672,-2.3434,282.0170,10.9906,-2.1407,,0.0000,0.0000,0.0000,,3.4273,8.2820,8.9631,0.7603,166.4293,166.4310
14:12:04,39.3714,0.0637,-2.3366,281.8342,10.9699,-2.1456,,0.0000,0.0000,0.0000,,3.4206,7.4640,8.2104,0.7676,167.1249,167.1267
14:12:04,39.4368,0.0655,-2.3297,281.6517,10.9493,-2.1474,,0.0000,0.0000,0.0000,,3.4138,6.6460,7.4715,0.7748,167.8344,167.8362
14:12:04,39.5016,0.0648,-2.3206,281.4089,10.9219,-2.1481,,0.0000,0.0000,0.0000,,3.2917,5.6112,6.5055,0.7838,168.5981,168.6000
14:12:04,39.5711,0.0695,-2.3138,281.2273,10.9015,-2.1483,,0.0000,0.0000,0.0000,,3.2111,4.8259,5.7966,0.7816,169.3481,169.3499
14:12:04,39.6373,0.0662,-2.3070,281.0459,10.8811,-2.1483,,0.0000,0.0000,0.0000,,2.9074,4.1967,5.1054,0.7789,170.0715,170.0733
14:12:04,39.7014,0.0641,-2.2979,280.8047,10.8539,-2.1483,,0.0000,0.0000,0.0000,,2.8560,3.1370,4.2424,0.7718,170.8372,170.8390
14:12:04,39.7678,0.0664,-2.2912,280.6241,10.8335,-2.1483,,0.0000,0.0000,0.0000,,2.8372,2.3337,3.6737,0.7650,171.5610,171.5627
14:12:04,39.8339,0.0661,-2.2844,280.4439,10.8132,-2.1484,,0.0000,0.0000,0.0000,,2.8183,1.5301,3.2069,0.7572,172.2827,172.2843
14:12:04,39.8999,0.0660,-2.2777,280.2641,10.7929,-2.1484,,0.0000,0.0000,0.0000,,2.7435,0.7822,2.8528,0.7490,173.0023,173.0039
14:12:05,39.9656,0.0657,-2.2687,280.0247,10.7660,-2.1484,,0.0000,0.0000,0.0000,,2.5260,0.3521,2.5504,0.7382,173.7794,173.7810
14:12:05,40.0326,0.0670,-2.2620,279.8457,10.7458,-2.1484,,0.0000,0.0000,0.0000,,2.3654,0.2825,2.3822,0.7294,174.5066,174.5081
14:12:05,40.0967,0.0642,-2.2555,279.6727,10.1781,-2.1484,,1.0000,0.0000,0.0000,,2.2971,0.0190,2.2972,0.7207,175.2048,175.2063
14:12:05,40.1605,0.0638,-2.2474,279.4581,9.3610,-2.1484,,1.0000,0.0000,0.0000,,2.1849,0.0170,2.1850,0.7083,175.9417,175.9432
14:12:05,40.2259,0.0654,-2.2418,279.3089,8.7494,-2.1484,,1.0000,0.0000,0.0000,,2.1378,-0.0008,2.1378,0.6967,176.6220,176.6234
14:12:05,40.2990,0.0731,-2.2366,279.1700,8.1388,-2.1484,,1.0000,0.0000,0.0000,,3.5478,94.3442,94.4109,0.7005,177.3422,177.3436
14:12:05,40.3690,0.0700,-2.2303,279.0005,7.3263,-2.1484,,1.0000,0.0000,0.0000,,3.5414,93.1804,93.2476,0.7218,178.0786,178.0800
14:12:05,40.4347,0.0657,-2.2259,278.8852,6.7180,-2.1484,,1.0000,0.0000,0.0000,,3.5371,92.2956,92.3634,0.7465,178.7315,178.7330
14:12:05,40.4998,0.0651,-2.2220,278.7801,6.1112,-2.1484,,1.0000,0.0000,0.0000,,3.5332,91.4007,91.4690,0.7605,179.3573,179.3589
14:12:05,40.5666,0.0668,-2.2173,278.6555,5.3057,-2.1484,,1.0000,0.0000,0.0000,,3.5285,90.1918,90.2608,0.7438,180.0342,180.0358
14:12:05,40.6293,0.0627,-2.2143,278.5740,4.6958,-2.1484,,1.0000,0.0000,0.0000,,3.5254,89.2734,89.3430,0.7215,180.6370,180.6384
14:12:05,40.6905,0.0612,-2.2116,278.5023,4.0912,-2.1484,,1.0000,0.0000,0.0000,,3.5228,88.3450,88.4152,0.7000,181.2181,181.2195
14:12:05,40.7508,0.0604,-2.2092,278.4395,3.5812,-2.1484,,1.0000,0.0000,0.0000,,3.5204,87.4078,87.4787,0.6791,181.7829,181.7842
14:12:05,40.8139,0.0630,-2.2072,278.3863,3.0040,-2.1483,,1.0000,0.0000,0.0000,,3.5184,86.4609,86.5325,0.6577,182.3616,182.3628
14:12:05,40.8791,0.0652,-2.2056,278.3426,2.4282,-2.1483,,1.0000,0.0000,0.0000,,3.5168,85.5046,85.5769,0.6361,182.9483,182.9494
14:12:06,40.9420,0.0629,-2.2040,278.2993,1.6624,-2.1483,,1.0000,0.0000,0.0000,,3.5151,84.2145,84.2878,0.6151,183.5155,183.5165
14:12:06,41.0039,0.0619,-2.2032,278.2780,1.0895,-2.1483,,1.0000,0.0000,0.0000,,3.5143,83.2358,83.3099,0.5952,184.0523,184.0533
14:12:06,41.0669,0.0629,-2.2027,278.2662,0.5179,-2.1483,,1.0000,0.0000,0.0000,,3.5139,82.2476,82.3226,0.5745,184.5876,184.5885
14:12:06,41.1310,0.0641,-2.2026,278.2634,0.0462,-2.1483,,0.0000,0.0000,0.0000,,3.5138,81.2504,81.3263,0.5514,185.1240,185.1248
14:12:06,41.1945,0.0636,-2.2027,278.2656,0.2129,-2.1448,,0.0000,0.0000,0.0000,,3.5137,80.2481,80.3250,0.5274,185.6513,185.6520
14:12:06,41.2564,0.0619,-2.2030,278.2728,0.5393,-2.1540,,0.0000,0.0000,0.0000,,3.5144,79.2408,79.3187,0.4992,186.1595,186.1602
14:12:06,41.3194,0.0630,-2.2034,278.2855,0.8721,-2.1505,,0.0000,0.0000,0.0000,,3.5147,78.2281,78.3070,0.4777,186.6700,186.6706
14:12:06,41.3828,0.0633,-2.2043,278.3095,1.1956,-2.1552,,0.0000,0.0000,0.0000,,3.5158,76.8707,76.9511,0.4653,187.1734,187.1740
14:12:06,41.4497,0.0669,-2.2052,278.3331,1.5298,-2.1497,,0.0000,0.0000,0.0000,,3.5165,75.8471,75.9286,0.4518,187.7058,187.7063
14:12:06,41.5135,0.0638,-2.2063,278.3616,1.8394,-2.1494,,0.0000,0.0000,0.0000,,3.5175,74.8186,74.9013,0.4306,188.2085,188.2090
14:12:06,41.5777,0.0642,-2.2076,278.3952,2.1292,-2.1441,,0.0000,0.0000,0.0000,,3.5186,73.7850,73.8688,0.4076,188.7086,188.7091
14:12:06,41.6413,0.0636,-2.2095,278.4474,2.5085,-2.1511,,0.0000,0.0000,0.0000,,3.5208,72.3994,72.4849,0.3853,189.1859,189.1863
14:12:06,41.7054,0.0641,-2.2112,278.4925,2.8030,-2.1525,,0.0000,0.0000,0.0000,,3.5226,71.3543,71.4412,0.3621,189.6754,189.6757
14:12:06,41.7676,0.0622,-2.2131,278.5422,3.0864,-2.1502,,0.0000,0.0000,0.0000,,3.5243,70.3045,70.3928,0.3395,190.1436,190.1440
14:12:06,41.8294,0.0618,-2.2151,278.5967,3.3724,-2.1500,,0.0000,0.0000,0.0000,,3.5264,69.2500,69.3397,0.3155,190.6029,190.6032
14:12:06,41.8909,0.0615,-2.2174,278.6560,3.6712,-2.1507,,0.0000,0.0000,0.0000,,3.5286,68.1906,68.2819,0.2909,191.0546,191.0548
14:12:07,41.9534,0.0625,-2.2198,278.7202,3.9498,-2.1507,,0.0000,0.0000,0.0000,,3.5310,67.1264,67.2192,0.2762,191.5076,191.5078
14:12:07,42.0154,0.0621,-2.2224,278.7892,4.2439,-2.1507,,0.0000,0.0000,0.0000,,3.5336,66.0573,66.1518,0.2699,191.9544,191.9546
14:12:07,42.0786,0.0632,-2.2251,278.8631,4.5297,-2.1507,,0.0000,0.0000,0.0000,,3.5364,64.9835,65.0796,0.2564,192.4073,192.4075
14:12:07,42.1407,0.0621,-2.2291,278.9690,4.9107,-2.1507,,0.0000,0.0000,0.0000,,3.5404,63.5442,63.6428,0.2419,192.8173,192.8175
14:12:07,42.2027,0.0620,-2.2320,279.0450,4.3406,-2.1507,,-1.0000,0.0000,0.0000,,3.5432,62.4681,62.5686,0.2356,193.2566,193.2567
14:12:07,42.2618,0.0591,-2.2345,279.1114,3.8170,-2.1507,,-1.0000,0.0000,0.0000,,3.5457,61.4017,61.5040,0.2365,193.6810,193.6812
14:12:07,42.3220,0.0602,-2.2366,279.1685,3.2378,-2.1507,,-1.0000,0.0000,0.0000,,3.5479,60.3445,60.4488,0.2304,194.1218,194.1219
14:12:07,42.3860,0.0640,-2.2387,279.2234,3.3968,-2.1507,,0.0000,0.0000,0.0000,,3.5499,59.2896,59.3958,0.2122,194.5987,194.5988
14:12:07,42.4515,0.0655,-2.2409,279.2834,3.7035,-2.1507,,0.0000,0.0000,0.0000,,3.5522,58.2296,58.3378,0.1919,195.0842,195.0843
14:12:07,42.5151,0.0636,-2.2434,279.3483,3.9906,-2.1508,,0.0000,0.0000,0.0000,,3.5546,57.1647,57.2751,0.1717,195.5485,195.5486
14:12:07,42.5864,0.0713,-2.2469,279.4423,4.3732,-2.1508,,0.0000,0.0000,0.0000,,3.5582,55.7374,55.8508,0.1469,196.0484,196.0485
14:12:07,42.6652,0.0788,-2.2507,279.5447,4.7544,-2.1508,,0.0000,0.0000,0.0000,,3.5620,54.3016,54.4183,0.1182,196.6012,196.6012
14:12:07,42.7375,0.0723,-2.2538,279.6270,5.0400,-2.1508,,0.0000,0.0000,0.0000,,3.5651,53.2192,53.3385,0.0908,197.1202,197.1202
14:12:07,42.8036,0.0661,-2.2582,279.7442,5.4201,-2.1508,,0.0000,0.0000,0.0000,,3.5695,51.7686,51.8915,0.0672,197.5540,197.5540
14:12:07,42.8686,0.0649,-2.2617,279.8377,5.7049,-2.1508,,0.0000,0.0000,0.0000,,3.5730,50.6751,50.8010,0.0433,198.0009,198.0009
14:12:08,42.9313,0.0627,-2.2654,279.9359,5.9891,-2.1508,,0.0000,0.0000,0.0000,,3.5767,49.5769,49.7058,0.0204,198.4245,198.4245
14:12:08,42.9940,0.0627,-2.2693,280.0388,6.2730,-2.1508,,0.0000,0.0000,0.0000,,3.5806,48.4740,48.6061,-0.0023,198.8445,198.8445
14:12:08,43.0584,0.0644,-2.2733,280.1464,6.5563,-2.1508,,0.0000,0.0000,0.0000,,3.5846,47.3663,47.5018,-0.0255,199.2715,199.2715
14:12:08,43.1493,0.0909,-2.2805,280.3362,7.0275,-2.1508,,0.0000,0.0000,0.0000,,3.5917,45.5098,45.6513,-0.0640,199.8381,199.8381
